pair_type,a,b,group_a,group_b,devs,gcc_peak,gcc_lag,gcc_z,mel_peak,mel_lag,mel_z,flux_peak,flux_lag,flux_z,spec_corr_resid,spec_rmse_db,tonal_corr,min_rms_dbfs,min_dyn_db
close,close/g1/A,close/g1/B,1,1,A-B,0.10066,0.11325,182.13242,0.83367,0.12,41.6544,0.81127,0.12,23.6001,-0.01075,3.96966,0.34473,-31.43899,3.3873
cross,close/g1/A,close/g2/A,1,2,A-A,0.01182,-1.04725,1.62319,0.03978,1.26,-0.94377,0.14386,-0.72,-1.58284,0.01558,4.01093,0.06013,-29.97037,1.30177
cross,close/g1/A,close/g2/B,1,2,A-B,0.0108,0.36206,-0.47245,0.05424,0.86,-1.35479,0.10971,-0.64,-3.32342,-0.46875,4.78789,0.11183,-29.97037,1.51678
cross,close/g1/A,close/g3/A,1,3,A-A,0.01412,-0.7455,2.44008,0.07033,-0.74,-1.52335,0.14773,-1.18,-2.07745,0.37885,2.84241,0.08645,-29.97037,2.79809
cross,close/g1/A,close/g3/B,1,3,A-B,0.01276,-0.68119,2.68631,0.05797,0.88,-0.99436,0.1435,-1.12,-0.62028,-0.30797,3.358,0.15162,-29.97037,2.78866
cross,close/g1/A,close/g4/A,1,4,A-A,0.01029,-0.06881,0.11696,0.12459,0.6,2.07969,0.12901,0.0,-2.87885,0.51064,3.29485,0.08903,-30.48817,1.55814
cross,close/g1/A,close/g4/B,1,4,A-B,0.01101,0.98675,2.10355,0.15084,0.82,1.68698,0.13849,0.56,-1.52435,0.54194,2.27985,0.11917,-33.5893,1.85784
cross,close/g1/A,close/g8/A,1,8,A-A,0.01565,-1.01963,3.64511,0.12822,0.48,0.26515,0.15364,-0.96,-0.63447,-0.59097,4.96928,0.10681,-44.59565,2.25075
cross,close/g1/A,close/g8/B,1,8,A-B,0.01269,0.65369,0.27518,0.16463,0.68,3.51096,0.17237,-0.84,0.08196,-0.88067,6.72517,0.12925,-47.50044,3.05315
cross,close/g1/A,close/g9/A,1,9,A-A,0.01322,0.58513,0.68839,0.10157,1.32,0.69645,0.18613,0.02,-1.30207,0.73173,1.81559,0.17188,-39.51319,2.73067
cross,close/g1/A,close/g9/B,1,9,A-B,0.0239,0.59581,2.35532,0.11019,1.34,1.21189,0.15318,0.36,-0.82717,-0.39782,4.37581,0.20306,-41.07123,3.34119
cross,close/g1/A,apart/g5/A,1,5,A-A,0.00984,-0.86269,0.28259,0.0791,-1.08,-0.5736,0.19931,-0.6,1.53979,0.70932,2.37067,0.03284,-29.97037,1.98549
cross,close/g1/A,apart/g5/B,1,5,A-B,0.01344,1.10625,3.34637,0.09794,-0.96,0.35081,0.15306,1.1,-0.38648,0.07782,3.03488,0.00811,-30.17277,2.41633
cross,close/g1/A,gone/g6/A,1,6,A-A,0.01444,0.12125,3.32966,0.06558,-0.98,-0.69179,0.20286,0.66,1.28533,0.44091,2.81875,0.0526,-30.53881,2.75037
cross,close/g1/A,gone/g6/B,1,6,A-B,0.00999,0.64556,-0.37559,0.04422,1.14,-1.43613,0.15569,-1.38,-0.30837,-0.44383,4.5591,0.12197,-40.48969,3.3873
cross,close/g1/A,gone/g7/A,1,7,A-A,0.01262,0.61787,2.03168,0.04164,-1.5,-1.2105,0.16735,0.78,-1.9479,-0.35582,4.49084,0.11732,-39.01756,3.35372
cross,close/g1/A,gone/g7/B,1,7,A-B,0.01022,-0.53612,0.53924,0.06796,1.5,-0.37512,0.09724,0.92,-2.15446,-0.72878,4.09515,0.12224,-36.35098,2.73845
cross,close/g1/B,close/g2/A,1,2,B-A,0.01142,-0.77,0.8112,0.04141,1.14,-1.16654,0.13799,-0.84,-2.69855,-0.42359,5.07344,0.05738,-31.43899,1.30177
cross,close/g1/B,close/g2/B,1,2,B-B,0.01562,-0.7785,6.14388,0.0563,0.76,-1.32416,0.10116,0.0,-2.14767,-0.02563,4.22287,0.11106,-31.43899,1.51678
cross,close/g1/B,close/g3/A,1,3,B-A,0.01308,-0.84462,0.96676,0.07308,-0.84,-1.33609,0.11969,-1.3,-3.17524,-0.31938,4.40098,0.05364,-31.43899,2.79809
cross,close/g1/B,close/g3/B,1,3,B-B,0.01307,-0.78419,5.94018,0.06269,-1.22,-1.0519,0.13841,-1.22,-0.5901,0.43768,2.65098,0.11985,-31.43899,2.78866
cross,close/g1/B,close/g4/A,1,4,B-A,0.01151,0.86538,5.48338,0.1408,0.46,1.94538,0.14968,-1.4,-2.20129,0.07943,4.57172,0.12198,-31.43899,1.55814
cross,close/g1/B,close/g4/B,1,4,B-B,0.01156,1.15863,4.19401,0.16044,0.72,1.37478,0.15139,0.72,-1.61015,0.57684,2.42165,0.14111,-33.5893,1.85784
cross,close/g1/B,close/g8/A,1,8,B-A,0.01313,0.09631,1.87761,0.15461,0.32,1.02717,0.16017,-1.08,-0.23127,-0.60911,5.2765,0.15786,-44.59565,2.25075
cross,close/g1/B,close/g8/B,1,8,B-B,0.01368,0.42669,1.17007,0.1948,0.56,4.69476,0.18295,-0.96,0.84564,0.0225,5.14952,0.11328,-47.50044,3.05315
cross,close/g1/B,close/g9/A,1,9,B-A,0.01664,0.50919,1.57325,0.08408,1.22,0.04679,0.16632,0.2,-0.91821,-0.37573,4.29347,0.11161,-39.51319,2.73067
cross,close/g1/B,close/g9/B,1,9,B-B,0.02288,0.50369,0.12201,0.09691,1.22,0.53693,0.1601,0.24,-0.31161,0.38873,3.07997,0.12428,-41.07123,3.34119
cross,close/g1/B,apart/g5/A,1,5,B-A,0.01026,-1.35931,1.13101,0.07991,-0.7,-0.90174,0.21692,-0.7,2.43466,-0.04219,4.54693,0.12926,-31.43899,1.98549
cross,close/g1/B,apart/g5/B,1,5,B-B,0.01052,-0.83513,-0.7444,0.10761,-1.06,0.63971,0.12547,0.88,-0.78474,0.70055,2.12705,0.05218,-31.43899,2.41633
cross,close/g1/B,gone/g6/A,1,6,B-A,0.0116,-1.16081,1.91521,0.06764,-1.04,-0.71236,0.21067,0.56,1.59115,-0.44948,4.80602,0.07829,-31.43899,2.75037
cross,close/g1/B,gone/g6/B,1,6,B-B,0.01129,1.07094,0.02359,0.03229,1.1,-1.62419,0.20323,1.22,1.06813,0.18493,3.62876,0.14433,-40.48969,3.71961
cross,close/g1/B,gone/g7/A,1,7,B-A,0.01344,0.61819,5.7514,0.04106,-1.3,-1.44119,0.23291,0.66,1.47939,-0.74969,5.39327,0.05399,-39.01756,3.35372
cross,close/g1/B,gone/g7/B,1,7,B-B,0.01133,-1.18087,2.52965,0.06715,1.4,-0.29716,0.12919,0.56,-2.22482,0.25214,3.02547,0.10233,-36.35098,2.73845
close,close/g2/A,close/g2/B,2,2,A-B,0.05584,0.07687,28.89504,0.3773,0.08,18.15927,0.48673,0.08,24.71981,0.64906,2.52445,0.53145,-26.72282,1.30177
cross,close/g2/A,close/g3/A,2,3,A-A,0.01104,0.47487,0.53843,0.0764,0.28,0.72313,0.11098,1.32,-2.0985,0.60643,2.51321,0.13865,-25.96661,1.30177
cross,close/g2/A,close/g3/B,2,3,A-B,0.0107,-0.02819,1.7106,0.0664,0.4,2.08888,0.12019,0.84,-2.35764,0.30298,2.96654,0.08593,-27.34912,1.30177
cross,close/g2/A,close/g4/A,2,4,A-A,0.01115,-1.24681,2.02247,0.03723,-1.22,-0.4986,0.14797,0.76,0.85618,-0.09948,5.06753,-0.02393,-30.48817,1.30177
cross,close/g2/A,close/g4/B,2,4,A-B,0.01052,-1.33062,1.66645,0.03722,-1.14,-1.03511,0.12367,-0.66,-2.2176,-0.35207,4.19783,-0.03988,-33.5893,1.30177
cross,close/g2/A,close/g8/A,2,8,A-A,0.01114,-0.27206,1.07096,0.06101,-1.16,0.59597,0.15317,0.72,-1.45152,0.02538,4.19433,0.03333,-44.59565,1.30177
cross,close/g2/A,close/g8/B,2,8,A-B,0.0144,1.35069,1.17906,0.06481,-0.98,0.56876,0.13155,1.36,-0.93374,-0.21481,5.78718,-0.0118,-47.50044,1.30177
cross,close/g2/A,close/g9/A,2,9,A-A,0.01244,1.05331,0.23768,0.05241,-1.2,-0.19314,0.12648,-1.2,-1.76594,0.05563,3.67975,0.05218,-39.51319,1.30177
cross,close/g2/A,close/g9/B,2,9,A-B,0.01376,-0.37,-0.20422,0.04056,-1.18,-0.8489,0.12185,-0.36,-1.31062,-0.45573,4.84488,-0.00014,-41.07123,1.30177
cross,close/g2/A,apart/g5/A,2,5,A-A,0.01058,-0.54763,1.66284,0.02669,-1.46,-2.67482,0.13963,-0.76,-0.85334,-0.30851,5.18857,-0.0156,-28.26198,1.30177
cross,close/g2/A,apart/g5/B,2,5,A-B,0.01127,0.66763,1.64189,0.05052,-0.94,-0.20902,0.1259,-0.64,-15.18015,-0.68434,4.43663,-0.04932,-30.17277,1.30177
cross,close/g2/A,gone/g6/A,2,6,A-A,0.01105,-0.28044,1.82764,0.05975,-1.24,-0.65092,0.16341,-1.32,0.34996,-0.09036,4.26594,0.02193,-30.53881,1.30177
cross,close/g2/A,gone/g6/B,2,6,A-B,0.01086,0.40044,0.19349,0.04448,-0.1,-0.61807,0.12062,-1.38,-1.71745,-0.0864,4.28287,-0.08505,-40.48969,1.30177
cross,close/g2/A,gone/g7/A,2,7,A-A,0.01012,-1.47656,0.3168,-0.01481,1.32,-12.83645,0.09883,0.7,-2.02361,0.15515,3.83295,-0.03113,-39.01756,1.30177
cross,close/g2/A,gone/g7/B,2,7,A-B,0.01108,1.06038,7.41065,0.07883,1.06,0.08455,0.09091,0.58,-2.72578,-0.26519,3.92159,0.06886,-36.35098,1.30177
cross,close/g2/B,close/g3/A,2,3,B-A,0.02071,0.8365,1.05203,0.05962,-0.42,-1.09113,0.17624,0.88,-0.6662,-0.06341,3.96328,0.13475,-26.72282,1.51678
cross,close/g2/B,close/g3/B,2,3,B-B,0.01893,0.88325,4.5369,0.05366,1.4,-0.20744,0.15137,-0.38,-1.52341,0.65087,2.29534,0.08614,-27.34912,1.51678
cross,close/g2/B,close/g4/A,2,4,B-A,0.01191,-0.79969,1.79774,0.04877,0.12,-0.50253,0.1615,-0.66,-0.51315,-0.63778,6.06471,-0.00082,-30.48817,1.51678
cross,close/g2/B,close/g4/B,2,4,B-B,0.01089,0.76569,0.45812,0.05127,0.82,-0.75994,0.18104,-0.28,-0.84248,-0.37262,4.12334,0.03425,-33.5893,1.51678
cross,close/g2/B,close/g8/A,2,8,B-A,0.01625,0.59437,0.68196,0.09402,0.48,1.63441,0.18887,-0.54,-0.18954,0.22291,3.67203,0.08543,-44.59565,1.51678
cross,close/g2/B,close/g8/B,2,8,B-B,0.01798,-1.09862,4.53752,0.1087,0.7,1.69721,0.20686,0.74,0.56923,0.16784,4.7835,0.03983,-47.50044,1.51678
cross,close/g2/B,close/g9/A,2,9,B-A,0.01392,0.74431,-0.84513,0.06092,0.48,-0.21213,0.11099,-0.48,-1.4257,-0.43112,4.38398,0.02597,-39.51319,1.51678
cross,close/g2/B,close/g9/B,2,9,B-B,0.0183,0.76656,-1.00111,0.06893,0.48,-0.14865,0.1007,0.48,-1.12429,0.25577,3.40033,0.0182,-41.07123,1.51678
cross,close/g2/B,apart/g5/A,2,5,B-A,0.01203,0.86994,1.49784,0.06516,-1.36,1.07808,0.15691,0.98,-0.95702,-0.80287,5.97851,0.01952,-28.26198,1.51678
cross,close/g2/B,apart/g5/B,2,5,B-B,0.02029,-0.59769,10.33065,0.10012,-0.6,8.20912,0.27155,-0.6,5.23482,-0.41255,3.9915,-0.00337,-30.17277,1.51678
cross,close/g2/B,gone/g6/A,2,6,B-A,0.01043,-1.46562,-0.90097,0.05759,-1.42,-0.69075,0.11196,-1.02,-3.62915,-0.7152,5.23471,0.04108,-30.53881,1.51678
cross,close/g2/B,gone/g6/B,2,6,B-B,0.01975,0.20844,1.15276,0.02642,0.22,-0.43131,0.15209,-0.42,-0.31097,0.56028,2.67354,-0.01454,-40.48969,1.51678
cross,close/g2/B,gone/g7/A,2,7,B-A,0.01453,0.54056,1.38702,-0.01914,1.16,-4.09936,0.16475,1.18,-1.01971,0.22627,3.59299,0.0224,-39.01756,1.51678
cross,close/g2/B,gone/g7/B,2,7,B-B,0.0116,1.48494,1.81414,0.02654,1.0,-0.94541,0.20121,-0.72,-0.61148,0.44498,2.68159,0.10274,-36.35098,1.51678
close,close/g3/A,close/g3/B,3,3,A-B,0.11313,0.05869,63.35003,0.6875,0.06,35.19509,0.72315,0.06,15.52242,0.106,2.71306,0.59872,-27.34912,2.78866
cross,close/g3/A,close/g4/A,3,4,A-A,0.00968,-1.3165,-0.06842,0.05968,1.42,-0.41397,0.16167,-0.1,-1.46458,0.36861,3.64116,0.09934,-30.48817,1.55814
cross,close/g3/A,close/g4/B,3,4,A-B,0.01102,1.12413,2.39831,0.04177,1.5,-1.72148,0.1418,-1.48,-1.167,-0.16221,3.40219,0.13706,-33.5893,1.85784
cross,close/g3/A,close/g8/A,3,8,A-A,0.01961,-0.22106,6.01772,0.10123,-0.24,1.2798,0.14213,-0.26,-1.25606,-0.25791,4.29347,0.19016,-44.59565,2.25075
cross,close/g3/A,close/g8/B,3,8,A-B,0.01601,-0.08594,3.32814,0.10369,-0.12,2.07155,0.09746,-1.5,-1.70404,-0.31256,5.57606,0.2614,-47.50044,2.79809
cross,close/g3/A,close/g9/A,3,9,A-A,0.01825,1.06256,0.09739,0.07644,1.04,-0.3047,0.18593,1.04,0.36784,0.38835,2.59228,0.23744,-39.51319,2.73067
cross,close/g3/A,close/g9/B,3,9,A-B,0.033,1.08413,0.53313,0.07283,1.06,-0.38274,0.16964,1.02,-0.34525,-0.75538,4.74653,0.21713,-41.07123,2.79809
cross,close/g3/A,apart/g5/A,3,5,A-A,0.01127,-0.169,3.65424,0.06698,1.36,-0.66642,0.16737,1.38,0.05573,0.21163,3.70906,0.14597,-28.26198,1.98549
cross,close/g3/A,apart/g5/B,3,5,A-B,0.01402,-1.44594,2.49534,0.08351,-1.44,0.22478,0.19966,-1.46,0.8037,-0.34654,3.46686,0.15426,-30.17277,2.41633
cross,close/g3/A,gone/g6/A,3,6,A-A,0.01185,-0.67437,0.96415,0.02525,1.16,-2.21783,0.20067,1.14,0.6283,0.42426,2.77686,0.1483,-30.53881,2.75037
cross,close/g3/A,gone/g6/B,3,6,A-B,0.01652,1.36831,1.26814,0.08727,1.1,-0.75859,0.19358,-0.68,0.27489,-0.55424,4.58362,0.14241,-40.48969,2.79809
cross,close/g3/A,gone/g7/A,3,7,A-A,0.01921,1.47331,2.97394,0.0793,1.46,-1.4404,0.17531,1.46,-0.8311,-0.2333,4.15594,0.06722,-39.01756,2.79809
cross,close/g3/A,gone/g7/B,3,7,A-B,0.01136,-1.10819,3.52652,0.06006,0.6,-1.01779,0.12013,0.92,-3.76033,-0.72312,3.92872,0.18288,-36.35098,2.73845
cross,close/g3/B,close/g4/A,3,4,B-A,0.00973,-0.30088,0.0449,0.05804,-0.6,-0.15647,0.106,1.42,-2.40309,-0.3705,4.46947,0.14153,-30.48817,1.55814
cross,close/g3/B,close/g4/B,3,4,B-B,0.01227,0.45169,4.04852,0.05873,-0.48,-1.1874,0.12795,-0.1,-1.57378,-0.04398,2.49253,0.17575,-33.5893,1.85784
cross,close/g3/B,close/g8/A,3,8,B-A,0.01187,-0.30275,0.80218,0.05605,-0.14,-0.86024,0.12729,-0.3,-2.31828,-0.21141,3.528,0.19912,-44.59565,2.25075
cross,close/g3/B,close/g8/B,3,8,B-B,0.01105,0.91463,-1.23949,0.05254,1.16,-2.28915,0.17544,0.9,-0.66266,0.09547,4.39162,0.28206,-47.50044,2.78866
cross,close/g3/B,close/g9/A,3,9,B-A,0.01568,-0.0915,10.4896,0.0756,0.98,-0.14845,0.17211,0.98,0.01561,-0.47098,3.14458,0.22246,-39.51319,2.73067
cross,close/g3/B,close/g9/B,3,9,B-B,0.01913,-0.10762,0.95432,0.0769,1.0,-0.24946,0.15588,0.98,-0.39046,0.21551,2.68568,0.24995,-41.07123,2.78866
cross,close/g3/B,apart/g5/A,3,5,B-A,0.0106,-0.45863,0.59915,0.07947,1.34,-0.87167,0.16981,1.06,-0.17473,-0.54828,4.29524,0.12174,-28.26198,1.98549
cross,close/g3/B,apart/g5/B,3,5,B-B,0.0127,-1.49762,4.62168,0.06087,-1.5,-0.39717,0.16492,0.66,-0.62774,-0.0016,2.24584,0.12153,-30.17277,2.41633
cross,close/g3/B,gone/g6/A,3,6,B-A,0.00964,-0.46756,-0.12034,0.03724,-0.98,-1.30627,0.13482,1.08,-1.70664,-0.57888,3.71301,0.14921,-30.53881,2.75037
cross,close/g3/B,gone/g6/B,3,6,B-B,0.01064,-0.16987,-0.45758,0.03515,-1.5,-2.26781,0.11494,1.06,-3.76481,0.36679,2.57904,0.16319,-40.48969,2.78866
cross,close/g3/B,gone/g7/A,3,7,B-A,0.01762,1.42013,24.48757,0.0939,1.4,-0.14764,0.12765,1.4,-2.73931,-0.33599,3.56492,0.11744,-39.01756,2.78866
cross,close/g3/B,gone/g7/B,3,7,B-B,0.01237,1.22206,4.19845,0.04455,0.62,-1.22412,0.11296,0.88,-2.60591,0.27691,1.93521,0.1873,-36.35098,2.73845
close,close/g4/A,close/g4/B,4,4,A-B,0.05789,0.05219,131.01328,0.6087,0.06,51.95354,0.66933,0.06,23.14956,0.54342,3.13919,0.52992,-33.5893,1.55814
cross,close/g4/A,close/g8/A,4,8,A-A,0.01151,1.27281,4.52124,0.11267,0.38,1.63744,0.21703,-0.08,-0.42657,-0.58195,5.94988,0.3143,-44.59565,1.55814
cross,close/g4/A,close/g8/B,4,8,A-B,0.01073,-1.229,-0.23756,0.10218,0.52,0.37946,0.19278,0.06,-0.80457,-0.35752,6.62354,0.31353,-47.50044,1.55814
cross,close/g4/A,close/g9/A,4,9,A-A,0.01071,1.39706,5.95581,0.07786,-0.84,0.30073,0.14621,-0.84,-1.37923,0.3208,3.6824,0.27772,-39.51319,1.55814
cross,close/g4/A,close/g9/B,4,9,A-B,0.01238,-0.03325,3.00023,0.08181,-0.82,0.54961,0.14736,-0.8,-1.01752,-0.72122,5.89876,0.33735,-41.07123,1.55814
cross,close/g4/A,apart/g5/A,4,5,A-A,0.01091,0.56256,2.10264,0.05242,-1.34,-0.38969,0.16076,-1.04,-0.6125,0.79517,2.29728,0.24853,-30.48817,1.55814
cross,close/g4/A,apart/g5/B,4,5,A-B,0.01112,-1.13138,1.56164,0.08901,-0.9,0.8377,0.196,-0.9,0.13233,0.13021,3.91044,0.24019,-30.48817,1.55814
cross,close/g4/A,gone/g6/A,4,6,A-A,0.01017,1.12081,1.48351,0.09695,-1.02,0.21876,0.13691,1.06,-1.05611,0.73266,2.54508,0.28761,-30.53881,1.55814
cross,close/g4/A,gone/g6/B,4,6,A-B,0.0116,0.89231,1.14097,0.01181,0.76,-1.49683,0.15192,1.1,-0.74015,-0.90728,6.32525,0.28253,-40.48969,1.55814
cross,close/g4/A,gone/g7/A,4,7,A-A,0.01068,-0.25181,1.95688,0.01112,1.5,-1.78521,0.12932,-0.06,-1.6389,-0.48112,5.66516,0.19726,-39.01756,1.55814
cross,close/g4/A,gone/g7/B,4,7,A-B,0.01092,0.17819,1.87102,0.0539,0.78,-0.46013,0.1935,-1.5,2.75903,-0.67789,5.09908,0.28113,-36.35098,1.55814
cross,close/g4/B,close/g8/A,4,8,B-A,0.00965,-1.30506,-0.58665,0.09806,-0.14,0.8249,0.19295,-0.12,-0.72266,-0.77876,4.6502,0.26271,-44.59565,1.85784
cross,close/g4/B,close/g8/B,4,8,B-B,0.0122,0.65125,2.52228,0.08076,0.48,-0.58693,0.18296,0.54,-0.85946,-0.58156,5.67719,0.29924,-47.50044,1.85784
cross,close/g4/B,close/g9/A,4,9,B-A,0.01069,0.99769,0.47481,0.07613,-0.86,0.27375,0.15625,-0.54,-0.07197,0.28537,2.51109,0.267,-39.51319,1.85784
cross,close/g4/B,close/g9/B,4,9,B-B,0.01284,-0.05525,1.3027,0.07073,-0.84,0.45948,0.14305,-0.5,-0.35463,-0.06853,3.37746,0.34788,-41.07123,1.85784
cross,close/g4/B,apart/g5/A,4,5,B-A,0.01046,1.23856,0.73526,0.05846,-1.42,-0.33229,0.16451,-1.44,-0.20949,0.58489,2.71162,0.21582,-33.5893,1.85784
cross,close/g4/B,apart/g5/B,4,5,B-B,0.01232,0.64081,4.05877,0.08912,-0.96,0.13061,0.12851,-0.96,-1.88234,0.58295,1.70967,0.29933,-33.5893,1.85784
cross,close/g4/B,gone/g6/A,4,6,B-A,0.01186,1.17981,5.33767,0.10944,-1.5,0.26962,0.11343,-1.16,-1.2654,0.06463,3.2432,0.24179,-33.5893,1.85784
cross,close/g4/B,gone/g6/B,4,6,B-B,0.0112,0.72837,0.69522,0.05268,0.74,-0.68603,0.131,0.34,-1.49995,-0.32218,3.85898,0.25847,-40.48969,1.85784
cross,close/g4/B,gone/g7/A,4,7,B-A,0.01036,-0.96644,0.26431,0.0103,-0.76,-2.19779,0.15495,-0.12,-0.42074,-0.67953,4.414,0.18642,-39.01756,1.85784
cross,close/g4/B,gone/g7/B,4,7,B-B,0.01027,1.03188,0.96647,0.04932,0.72,-1.02383,0.12775,0.96,-0.97424,-0.28561,3.00236,0.30277,-36.35098,1.85784
close,close/g8/A,close/g8/B,8,8,A-B,0.0701,0.14469,50.38512,0.68103,0.14,13.88836,0.82378,0.14,13.57301,0.60946,3.41766,0.60308,-47.50044,2.25075
cross,close/g8/A,close/g9/A,8,9,A-A,0.02596,0.48331,3.40241,0.0737,-0.4,-0.6749,0.28045,-0.72,1.12651,-0.26644,4.11946,0.2484,-44.59565,2.25075
cross,close/g8/A,close/g9/B,8,9,A-B,0.04994,0.50687,4.22849,0.08183,-0.42,-0.2282,0.22093,0.52,0.03675,0.23261,3.44254,0.31548,-44.59565,2.25075
cross,close/g8/A,apart/g5/A,8,5,A-A,0.01203,-1.44663,1.12411,0.04952,-0.46,-1.63008,0.1462,-1.48,-1.35806,-0.49094,5.42708,0.20249,-44.59565,1.98549
cross,close/g8/A,apart/g5/B,8,5,A-B,0.0136,-1.20362,1.31311,0.13753,-1.22,3.64301,0.29963,-1.22,0.75449,-0.46389,4.04342,0.17112,-44.59565,2.25075
cross,close/g8/A,gone/g6/A,8,6,A-A,0.01048,0.56744,0.06156,0.00705,-1.04,-1.66885,0.19008,-1.38,-0.48765,-0.09658,4.17736,0.2533,-44.59565,2.25075
cross,close/g8/A,gone/g6/B,8,6,A-B,0.01122,1.34344,-0.29935,0.04963,0.12,-0.61479,0.19164,1.4,-0.31442,0.398,3.11686,0.21189,-44.59565,2.25075
cross,close/g8/A,gone/g7/A,8,7,A-A,0.01008,1.26131,-0.30131,0.09938,1.22,-0.55842,0.22463,0.6,-0.19618,0.87995,1.41568,0.22099,-44.59565,2.25075
cross,close/g8/A,gone/g7/B,8,7,A-B,0.01056,-0.76825,0.1052,0.08905,1.0,-0.05497,0.24261,-0.42,1.09662,0.47218,2.61678,0.32083,-44.59565,2.25075
cross,close/g8/B,close/g9/A,8,9,B-A,0.01773,1.13444,1.01132,0.09137,-0.86,-0.42894,0.21942,-0.86,-0.64055,-0.73343,6.0991,0.35032,-47.50044,2.73067
cross,close/g8/B,close/g9/B,8,9,B-B,0.01907,1.15675,-0.11036,0.0998,-0.82,-0.00832,0.17418,-0.22,-1.20647,0.29393,4.31578,0.4348,-47.50044,3.05315
cross,close/g8/B,apart/g5/A,8,5,B-A,0.01191,-1.12244,1.93796,0.03836,-0.3,-1.52708,0.12918,-1.32,-4.12089,-0.56181,6.76107,0.27575,-47.50044,1.98549
cross,close/g8/B,apart/g5/B,8,5,B-B,0.0134,0.4835,3.98999,0.12143,-1.36,0.30963,0.24797,-1.36,1.19888,-0.06724,4.73424,0.22019,-47.50044,2.41633
cross,close/g8/B,gone/g6/A,8,6,B-A,0.00984,0.4085,-0.76587,-0.01006,1.5,-2.7994,0.1832,1.5,-0.94301,-0.23258,5.57585,0.21384,-47.50044,2.75037
cross,close/g8/B,gone/g6/B,8,6,B-B,0.01108,-0.52756,0.63102,0.04014,-0.22,-1.19021,0.20349,0.32,-0.30373,0.31828,4.29235,0.27439,-47.50044,3.05315
cross,close/g8/B,gone/g7/A,8,7,B-A,0.01038,1.39081,-0.69028,0.07882,1.5,-0.92304,0.217,0.46,-0.61815,0.3321,4.28206,0.1923,-47.50044,3.05315
cross,close/g8/B,gone/g7/B,8,7,B-B,0.01158,0.87369,0.71125,0.15619,1.5,0.92399,0.2308,-1.5,1.07514,0.63878,3.4446,0.32437,-47.50044,2.73845
close,close/g9/A,close/g9/B,9,9,A-B,0.1515,0.02306,2.83453,0.7761,0.02,105.76241,0.90062,0.02,5.03334,-0.3273,3.92651,0.59912,-41.07123,2.73067
cross,close/g9/A,apart/g5/A,9,5,A-A,0.0121,-0.75881,2.29226,0.08435,-1.32,-0.36091,0.15806,-0.74,-0.89776,0.58906,2.71197,0.25793,-39.51319,1.98549
cross,close/g9/A,apart/g5/B,9,5,A-B,0.01074,-0.58569,-1.23315,0.08884,-0.96,-0.79534,0.17062,-0.96,-2.02712,0.10346,2.66153,0.18785,-39.51319,2.41633
cross,close/g9/A,gone/g6/A,9,6,A-A,0.01336,0.63231,8.31934,0.11326,-1.02,3.40238,0.20322,-0.66,0.5328,0.44775,2.61242,0.15647,-39.51319,2.73067
cross,close/g9/A,gone/g6/B,9,6,A-B,0.00912,0.25738,-1.07762,0.05269,0.54,-1.22744,0.18417,0.56,-0.62135,-0.41413,4.16616,0.30239,-40.48969,2.73067
cross,close/g9/A,gone/g7/A,9,7,A-A,0.01957,0.43256,3.89349,0.12276,-1.32,0.81923,0.22043,0.44,1.10117,-0.06808,3.69979,0.16196,-39.51319,2.73067
cross,close/g9/A,gone/g7/B,9,7,A-B,0.0099,0.94656,-0.68789,-0.00901,1.04,-2.10193,0.11588,1.5,-1.56239,-0.69552,3.65835,0.29634,-39.51319,2.73067
cross,close/g9/B,apart/g5/A,9,5,B-A,0.01598,0.31088,0.91569,0.06569,0.72,-0.88025,0.15852,0.76,-0.55421,-0.45411,5.0847,0.26164,-41.07123,1.98549
cross,close/g9/B,apart/g5/B,9,5,B-B,0.01227,1.18756,-1.37694,0.08194,1.14,-1.05614,0.1662,-0.98,-1.31964,0.43826,2.41305,0.20798,-41.07123,2.41633
cross,close/g9/B,gone/g6/A,9,6,B-A,0.02003,0.66419,4.9997,0.13141,-1.04,2.45274,0.19125,-0.68,0.27093,-0.68659,4.86912,0.12489,-41.07123,2.75037
cross,close/g9/B,gone/g6/B,9,6,B-B,0.02053,0.23431,-0.50604,0.05024,-0.04,-1.04416,0.16056,0.54,-0.76893,0.81083,1.64625,0.35444,-41.07123,3.34119
cross,close/g9/B,gone/g7/A,9,7,B-A,0.02409,0.39575,2.08343,0.11261,-1.32,0.08938,0.20528,0.42,0.24636,0.0982,3.64623,0.20088,-41.07123,3.34119
cross,close/g9/B,gone/g7/B,9,7,B-B,0.01309,-1.07231,0.51392,-0.00799,1.02,-2.30723,0.12158,-0.94,-1.15896,0.69548,1.87107,0.37726,-41.07123,2.73845
apart,apart/g5/A,apart/g5/B,5,5,A-B,0.01141,0.401,2.05263,0.30386,0.68,29.08208,0.27108,0.7,1.63017,0.24235,3.37149,0.23427,-30.17277,1.98549
cross,apart/g5/A,gone/g6/A,5,6,A-A,0.0106,-0.32144,1.46188,0.05678,-0.32,-0.05041,0.11775,1.06,-1.60287,0.78728,2.06232,0.12325,-30.53881,1.98549
cross,apart/g5/A,gone/g6/B,5,6,A-B,0.01151,0.367,0.40957,0.06901,1.48,-0.83094,0.13084,1.48,-1.90392,-0.76761,5.71706,0.18629,-40.48969,1.98549
cross,apart/g5/A,gone/g7/A,5,7,A-A,0.01267,-1.484,10.90882,0.10384,-1.18,3.37358,0.17607,-1.18,-0.62138,-0.37119,5.11268,0.14078,-39.01756,1.98549
cross,apart/g5/A,gone/g7/B,5,7,A-B,0.01121,0.32694,1.82977,0.02695,-0.64,-4.75246,0.15724,0.44,-1.22619,-0.73946,4.79317,0.22911,-36.35098,1.98549
cross,apart/g5/B,gone/g6/A,5,6,B-A,0.01154,-1.21344,0.81547,0.0485,0.74,-1.9722,0.15358,1.0,-1.38883,-0.16653,3.4406,0.15866,-30.53881,2.41633
cross,apart/g5/B,gone/g6/B,5,6,B-B,0.01654,0.81031,1.94341,0.0666,1.5,-0.51897,0.14944,-0.68,-1.24497,0.05132,3.16029,0.18033,-40.48969,2.41633
cross,apart/g5/B,gone/g7/A,5,7,B-A,0.01173,-0.61906,0.43552,0.05173,-1.34,-1.54807,0.16343,-0.22,-2.74441,-0.63097,4.13793,0.12562,-39.01756,2.41633
cross,apart/g5/B,gone/g7/B,5,7,B-B,0.01181,0.69556,5.97725,0.06717,-0.28,-1.35375,0.1539,-0.86,-1.27594,0.05421,2.40087,0.19213,-36.35098,2.41633
gone,gone/g6/A,gone/g6/B,6,6,A-B,0.00865,1.48438,-0.22119,-0.01873,0.92,-2.7181,0.10808,0.72,-0.97641,-0.82583,5.19143,0.16009,-40.48969,2.75037
cross,gone/g6/A,gone/g7/A,6,7,A-A,0.01018,0.07269,0.15006,0.15095,-1.46,0.63159,0.21685,-1.46,1.0033,-0.00231,3.90919,0.09416,-39.01756,2.75037
cross,gone/g6/A,gone/g7/B,6,7,A-B,0.01103,-0.38631,0.75063,-0.03308,0.04,-4.501,0.14575,0.04,-1.43307,-0.69958,4.12667,0.13445,-36.35098,2.73845
cross,gone/g6/B,gone/g7/A,6,7,B-A,0.01547,-1.20231,1.18066,0.12382,1.0,0.07747,0.09792,-0.24,-1.85189,0.33616,3.20175,0.2396,-40.48969,3.35372
cross,gone/g6/B,gone/g7/B,6,7,B-B,0.01099,-1.47606,0.87006,0.17658,1.1,0.27083,0.13216,1.12,-0.81421,0.79439,1.71122,0.32057,-40.48969,2.73845
gone,gone/g7/A,gone/g7/B,7,7,A-B,0.01298,-0.07687,1.25435,0.16063,0.0,0.72307,0.22891,0.02,-0.72148,0.38716,2.68589,0.35476,-39.01756,2.73845
