pair_id,kind,target,held_out_score,final_model_score
close/g9,close,1.0,0.99977,0.99957
close/g1,close,1.0,0.99973,0.99953
close/g3,close,1.0,0.9985,0.99808
close/g8,close,1.0,0.99838,0.99781
close/g4,close,1.0,0.98978,0.9896
close/g2,close,1.0,0.63634,0.85213
close/g8/A|close/g9/B,cross,0.0,0.25945,0.21796
close/g3/A|close/g9/B,cross,0.0,0.21844,0.18134
close/g1/A|close/g9/B,cross,0.0,0.16265,0.14552
close/g8/A|close/g9/A,cross,0.0,0.1611,0.13827
gone/g7,gone,0.0,0.15525,0.15423
close/g9/B|gone/g7/A,cross,0.0,0.15105,0.13527
close/g1/B|close/g9/B,cross,0.0,0.15091,0.13583
close/g8/B|gone/g7/B,cross,0.0,0.1472,0.13883
close/g9/A|gone/g7/A,cross,0.0,0.14588,0.1331
close/g1/B|close/g8/B,cross,0.0,0.13944,0.12638
gone/g6/B|gone/g7/B,cross,0.0,0.13158,0.13151
close/g8/B|close/g9/B,cross,0.0,0.12827,0.11157
close/g8/B|close/g9/A,cross,0.0,0.12282,0.10741
apart/g5/B|close/g8/A,cross,0.0,0.12226,0.16657
close/g3/B|close/g9/B,cross,0.0,0.12186,0.10543
close/g3/A|close/g9/A,cross,0.0,0.12049,0.10625
close/g3/A|gone/g7/A,cross,0.0,0.11904,0.11603
close/g3/A|close/g8/A,cross,0.0,0.11786,0.10812
apart/g5/B|close/g2/B,cross,0.0,0.1151,0.16641
close/g1/B|close/g9/A,cross,0.0,0.10658,0.0983
close/g9/B|gone/g6/A,cross,0.0,0.10021,0.09362
close/g1/A|close/g8/B,cross,0.0,0.09984,0.09111
close/g3/B|close/g9/A,cross,0.0,0.09665,0.08666
apart/g5/B|close/g8/B,cross,0.0,0.09289,0.12849
close/g2/B|close/g8/B,cross,0.0,0.09085,0.09954
close/g1/A|close/g9/A,cross,0.0,0.08999,0.08346
close/g9/B|gone/g6/B,cross,0.0,0.0841,0.07713
close/g8/A|gone/g7/B,cross,0.0,0.08307,0.07847
close/g1/B|close/g8/A,cross,0.0,0.08127,0.0748
close/g9/A|gone/g6/A,cross,0.0,0.07547,0.07209
close/g3/A|close/g8/B,cross,0.0,0.07527,0.06928
close/g3/A|gone/g6/B,cross,0.0,0.07498,0.07383
close/g3/B|gone/g7/A,cross,0.0,0.07456,0.07242
close/g1/A|close/g3/A,cross,0.0,0.07251,0.06976
close/g1/A|close/g8/A,cross,0.0,0.07172,0.0671
close/g1/B|gone/g7/A,cross,0.0,0.07131,0.07255
close/g1/B|close/g4/B,cross,0.0,0.07041,0.0668
close/g8|shift+1,shifted,0.0,0.06876,0.06278
close/g1/B|close/g3/A,cross,0.0,0.06839,0.06544
apart/g5,apart,0.5,0.06833,0.2425
close/g2/B|close/g8/A,cross,0.0,0.06797,0.0714
close/g2/B|gone/g6/B,cross,0.0,0.06737,0.09052
apart/g5/B|close/g3/A,cross,0.0,0.06688,0.08888
gone/g6/B|gone/g7/A,cross,0.0,0.06621,0.06686
close/g1/A|close/g4/B,cross,0.0,0.06594,0.06252
close/g8|shift-1,shifted,0.0,0.06569,0.05947
close/g1/B|gone/g6/B,cross,0.0,0.06545,0.06621
close/g2/B|close/g3/A,cross,0.0,0.06246,0.07295
apart/g5/A|close/g9/B,cross,0.0,0.06149,0.0669
close/g4/B|close/g9/B,cross,0.0,0.06124,0.05697
close/g8/B|gone/g6/B,cross,0.0,0.06041,0.05814
close/g8/A|gone/g7/A,cross,0.0,0.06039,0.05718
close/g4/A|close/g8/B,cross,0.0,0.05953,0.05527
close/g9/A|gone/g6/B,cross,0.0,0.05912,0.05699
close/g1/B|close/g4/A,cross,0.0,0.05876,0.0563
close/g4/A|close/g8/A,cross,0.0,0.05868,0.05451
close/g9|shift-1,shifted,0.0,0.05724,0.05159
close/g8/A|gone/g6/B,cross,0.0,0.05668,0.05424
close/g1/B|gone/g6/A,cross,0.0,0.05661,0.05695
close/g1/A|gone/g6/A,cross,0.0,0.05557,0.05584
close/g1/A|gone/g7/A,cross,0.0,0.05503,0.05532
close/g2/B|close/g9/B,cross,0.0,0.05454,0.05919
close/g1/A|close/g4/A,cross,0.0,0.05333,0.05132
close/g1/A|gone/g6/B,cross,0.0,0.05253,0.0529
close/g4/B|close/g8/B,cross,0.0,0.05247,0.0489
close/g3|shift-1,shifted,0.0,0.0508,0.04839
close/g3/A|close/g4/A,cross,0.0,0.05076,0.04868
close/g9|shift+1,shifted,0.0,0.05075,0.04628
apart/g5/B|gone/g6/B,cross,0.0,0.04999,0.06375
close/g1/B|close/g3/B,cross,0.0,0.04943,0.04812
gone/g6/A|gone/g7/A,cross,0.0,0.04911,0.04957
close/g4|shift-1,shifted,0.0,0.04871,0.04699
close/g4/B|close/g8/A,cross,0.0,0.048,0.04466
close/g4/B|close/g9/A,cross,0.0,0.04789,0.04544
close/g3/A|close/g4/B,cross,0.0,0.04578,0.04381
close/g2|shift-1,shifted,0.0,0.04574,0.04914
close/g2/B|close/g3/B,cross,0.0,0.04448,0.04998
close/g1|shift-1,shifted,0.0,0.04385,0.04268
close/g8/B|gone/g7/A,cross,0.0,0.04257,0.04053
close/g3/B|gone/g6/B,cross,0.0,0.04148,0.0411
close/g4/B|gone/g6/A,cross,0.0,0.04118,0.04077
close/g2/A|close/g8/B,cross,0.0,0.0411,0.04262
close/g2/B|gone/g7/B,cross,0.0,0.04095,0.0417
apart/g5/A|close/g1/B,cross,0.0,0.04075,0.06468
apart/g5/B|close/g9/B,cross,0.0,0.04073,0.05675
close/g4/A|close/g9/A,cross,0.0,0.04069,0.03841
apart/g5/A|gone/g7/A,cross,0.0,0.04068,0.06197
close/g2/B|close/g9/A,cross,0.0,0.04006,0.04019
close/g4/A|close/g9/B,cross,0.0,0.03976,0.03723
close/g3/B|close/g8/A,cross,0.0,0.03949,0.0368
close/g1/A|close/g3/B,cross,0.0,0.03899,0.03815
close/g2/A|close/g9/B,cross,0.0,0.03825,0.03826
close/g2|shift+1,shifted,0.0,0.03818,0.04379
close/g1|shift+1,shifted,0.0,0.03755,0.03735
close/g3/B|close/g4/B,cross,0.0,0.03712,0.03547
close/g2/B|close/g4/B,cross,0.0,0.03701,0.03531
close/g4|shift+1,shifted,0.0,0.03666,0.03503
close/g4/A|gone/g7/B,cross,0.0,0.0363,0.03578
close/g3/A|gone/g6/A,cross,0.0,0.03581,0.03556
close/g9/B|gone/g7/B,cross,0.0,0.03578,0.0342
close/g4/A|gone/g6/A,cross,0.0,0.03578,0.03536
close/g3|shift+1,shifted,0.0,0.03429,0.03288
close/g2/A|close/g9/A,cross,0.0,0.03386,0.0323
close/g1/B|gone/g7/B,cross,0.0,0.03367,0.0337
close/g4/B|gone/g7/B,cross,0.0,0.03338,0.03277
close/g3/B|close/g4/A,cross,0.0,0.03337,0.03188
close/g2/A|close/g3/A,cross,0.0,0.03333,0.03133
close/g2/A|gone/g6/A,cross,0.0,0.03307,0.03284
close/g2/B|close/g4/A,cross,0.0,0.03283,0.03108
apart/g5/A|close/g1/A,cross,0.0,0.03281,0.05418
apart/g5/B|close/g3/B,cross,0.0,0.03248,0.04662
close/g4/B|gone/g6/B,cross,0.0,0.03234,0.03209
close/g2/A|close/g8/A,cross,0.0,0.03228,0.03052
apart/g5/A|close/g9/A,cross,0.0,0.03178,0.046
apart/g5/B|close/g1/A,cross,0.0,0.03127,0.0507
close/g2/A|close/g4/B,cross,0.0,0.03111,0.02931
close/g1/B|close/g2/A,cross,0.0,0.03107,0.03116
close/g1/B|close/g2/B,cross,0.0,0.03048,0.03145
close/g2/A|close/g3/B,cross,0.0,0.03048,0.02902
close/g1/A|gone/g7/B,cross,0.0,0.03022,0.03029
close/g2/A|gone/g6/B,cross,0.0,0.03014,0.02936
close/g3/B|gone/g6/A,cross,0.0,0.03006,0.02972
apart/g5/B|close/g9/A,cross,0.0,0.02994,0.0473
close/g4/A|gone/g6/B,cross,0.0,0.02993,0.02981
apart/g5/B|close/g4/A,cross,0.0,0.02983,0.04776
close/g3/A|gone/g7/B,cross,0.0,0.02924,0.02873
close/g3/B|close/g8/B,cross,0.0,0.02916,0.02737
apart/g5/B|close/g1/B,cross,0.0,0.02912,0.04853
close/g1/A|close/g2/A,cross,0.0,0.02897,0.02838
apart/g5/A|gone/g6/B,cross,0.0,0.02842,0.0462
close/g9/A|gone/g7/B,cross,0.0,0.02767,0.02682
close/g1/A|close/g2/B,cross,0.0,0.02741,0.02638
close/g2/A|close/g4/A,cross,0.0,0.0269,0.02556
apart/g5/A|close/g3/B,cross,0.0,0.02677,0.04071
close/g2/A|gone/g7/B,cross,0.0,0.02665,0.0267
apart/g5/A|gone/g6/A,cross,0.0,0.02652,0.04237
close/g2/B|gone/g6/A,cross,0.0,0.02604,0.02532
apart/g5/B|close/g4/B,cross,0.0,0.02576,0.04166
apart/g5/A|close/g3/A,cross,0.0,0.02575,0.0397
close/g3/B|gone/g7/B,cross,0.0,0.02543,0.02504
apart/g5/A|gone/g7/B,cross,0.0,0.0252,0.04007
close/g2/B|gone/g7/A,cross,0.0,0.02501,0.02704
gone/g6,gone,0.0,0.02448,0.02494
apart/g5/B|gone/g6/A,cross,0.0,0.02446,0.03816
close/g8/B|gone/g6/A,cross,0.0,0.02336,0.02254
apart/g5/B|gone/g7/B,cross,0.0,0.02275,0.03599
gone/g6/A|gone/g7/B,cross,0.0,0.02201,0.02237
apart/g5/A|close/g2/B,cross,0.0,0.02182,0.03443
close/g8/A|gone/g6/A,cross,0.0,0.02174,0.02104
apart/g5/A|close/g8/A,cross,0.0,0.02174,0.03228
apart/g5/A|close/g4/B,cross,0.0,0.02169,0.03451
close/g4/A|gone/g7/A,cross,0.0,0.02153,0.02134
apart/g5/A|close/g4/A,cross,0.0,0.02008,0.03141
apart/g5/A|close/g8/B,cross,0.0,0.01977,0.02952
apart/g5/B|gone/g7/A,cross,0.0,0.01935,0.02983
close/g4/B|gone/g7/A,cross,0.0,0.0192,0.019
apart/g5/B|close/g2/A,cross,0.0,0.01748,0.02721
apart/g5/A|close/g2/A,cross,0.0,0.01649,0.02481
close/g2/A|gone/g7/A,cross,0.0,0.01547,0.01485
apart/g5|shift+1,shifted,0.0,0.01298,0.03543
apart/g5|shift-1,shifted,0.0,0.0125,0.03602
