pair_id,kind,target,win,nwin,gcc_peak,gcc_lag,mel_peak,mel_lag,flux_peak,flux_lag
apart/g5,apart,0.5,0,3,0.01248,-0.17369,0.26548,0.7,0.1925,0.7
apart/g5,apart,0.5,1,3,0.01379,0.72444,0.31184,0.68,0.27726,0.68
apart/g5,apart,0.5,2,3,0.01169,0.53006,0.3221,0.68,0.31319,0.68
apart/g5|shift+1,shifted,0.0,0,1,0.01203,-0.98769,0.0796,-1.1,0.16725,1.4
apart/g5|shift-1,shifted,0.0,0,1,0.01076,0.97819,0.07219,0.06,0.21196,0.98
close/g1,close,1.0,0,3,0.0791,0.11325,0.81123,0.12,0.78975,0.12
close/g1,close,1.0,1,3,0.10678,0.11319,0.841,0.12,0.91457,0.12
close/g1,close,1.0,2,3,0.11095,0.11325,0.84975,0.12,0.9192,0.12
close/g1|shift+1,shifted,0.0,0,2,0.01238,-0.40263,0.06979,-0.38,0.17517,-0.16
close/g1|shift+1,shifted,0.0,1,2,0.01347,-0.89463,0.09139,-0.38,0.14787,-0.16
close/g1|shift-1,shifted,0.0,0,2,0.01212,0.79206,0.08892,0.6,0.20536,0.4
close/g1|shift-1,shifted,0.0,1,2,0.01091,0.48063,0.10513,0.6,0.17845,0.4
close/g2,close,1.0,0,3,0.05556,0.07687,0.36666,0.08,0.46649,0.08
close/g2,close,1.0,1,3,0.06012,0.07687,0.36439,0.08,0.43217,0.08
close/g2,close,1.0,2,3,0.06311,0.07687,0.37977,0.08,0.44446,0.08
close/g2|shift+1,shifted,0.0,0,1,0.01658,0.71619,0.0792,-0.12,0.14381,-0.12
close/g2|shift-1,shifted,0.0,0,1,0.0147,-0.56263,0.09192,-1.34,0.1777,1.16
close/g3,close,1.0,0,3,0.10957,0.05869,0.69638,0.06,0.73761,0.06
close/g3,close,1.0,1,3,0.13982,0.05869,0.70966,0.06,0.77155,0.06
close/g3,close,1.0,2,3,0.11128,0.05713,0.68512,0.06,0.72498,0.06
close/g3|shift+1,shifted,0.0,0,2,0.01143,-0.012,0.0824,0.44,0.16407,0.26
close/g3|shift+1,shifted,0.0,1,2,0.01168,-1.30763,0.0813,0.42,0.14449,0.24
close/g3|shift-1,shifted,0.0,0,2,0.01474,0.133,0.07748,0.3,0.20058,-0.3
close/g3|shift-1,shifted,0.0,1,2,0.01624,0.1105,0.0689,-0.3,0.19259,-0.3
close/g4,close,1.0,0,3,0.04941,0.05225,0.58588,0.06,0.65657,0.06
close/g4,close,1.0,1,3,0.05364,0.0525,0.63028,0.06,0.72333,0.06
close/g4,close,1.0,2,3,0.05173,0.0525,0.62177,0.06,0.71572,0.06
close/g4|shift+1,shifted,0.0,0,1,0.01168,1.31731,0.08147,-1.04,0.16804,0.2
close/g4|shift-1,shifted,0.0,0,1,0.01208,-0.33431,0.08014,0.88,0.23558,1.12
close/g8,close,1.0,0,3,0.07375,0.14469,0.70059,0.14,0.80588,0.14
close/g8,close,1.0,1,3,0.07207,0.14469,0.68437,0.14,0.87421,0.14
close/g8,close,1.0,2,3,0.06919,0.14469,0.68667,0.14,0.86273,0.14
close/g8|shift+1,shifted,0.0,0,1,0.01649,0.73975,0.12414,1.16,0.15195,1.28
close/g8|shift-1,shifted,0.0,0,1,0.01513,1.17725,0.08936,0.86,0.22368,1.2
close/g9,close,1.0,0,3,0.15712,0.02231,0.75585,0.02,0.892,0.02
close/g9,close,1.0,1,3,0.17854,0.02306,0.76038,0.02,0.90091,0.02
close/g9,close,1.0,2,3,0.16399,0.02306,0.77741,0.02,0.90415,0.02
close/g9|shift+1,shifted,0.0,0,1,0.01363,0.72631,0.09446,0.8,0.1761,0.8
close/g9|shift-1,shifted,0.0,0,1,0.01477,0.85581,0.0735,-1.46,0.22319,-0.76
gone/g6,gone,0.0,0,3,0.01333,1.02612,0.10173,1.28,0.15262,-1.02
gone/g6,gone,0.0,1,3,0.01127,-0.63681,0.04111,1.26,0.16132,-0.18
gone/g6,gone,0.0,2,3,0.0107,1.32006,-0.01202,0.98,0.14949,-0.18
gone/g7,gone,0.0,0,3,0.01472,-0.07687,0.22537,0.0,0.20631,0.02
gone/g7,gone,0.0,1,3,0.01463,-0.07687,0.26513,0.0,0.26483,0.02
gone/g7,gone,0.0,2,3,0.01268,-0.10125,0.19041,-0.02,0.24399,0.02
apart/g5/A|close/g1/A,cross,0.0,0,3,0.01162,0.39625,0.1277,0.78,0.18956,0.6
apart/g5/A|close/g1/A,cross,0.0,1,3,0.01198,0.31525,0.09656,0.78,0.23475,0.6
apart/g5/A|close/g1/A,cross,0.0,2,3,0.01152,-0.13594,0.09929,0.6,0.2571,0.6
apart/g5/A|close/g1/B,cross,0.0,0,3,0.01326,-0.53256,0.12709,0.92,0.23678,0.7
apart/g5/A|close/g1/B,cross,0.0,1,3,0.01309,0.31475,0.10997,0.14,0.2435,0.7
apart/g5/A|close/g1/B,cross,0.0,2,3,0.01205,-1.28131,0.1029,0.72,0.24173,0.7
apart/g5/A|close/g2/A,cross,0.0,0,3,0.01141,-1.33462,0.03695,-1.1,0.14652,0.58
apart/g5/A|close/g2/A,cross,0.0,1,3,0.01149,1.43244,0.02918,-1.1,0.1714,0.76
apart/g5/A|close/g2/A,cross,0.0,2,3,0.01225,-0.45444,0.03333,1.46,0.20064,0.76
apart/g5/A|close/g2/B,cross,0.0,0,3,0.01185,-1.17213,0.04892,1.36,0.19168,-0.98
apart/g5/A|close/g2/B,cross,0.0,1,3,0.01135,-0.86994,0.08114,1.36,0.17123,-0.98
apart/g5/A|close/g2/B,cross,0.0,2,3,0.01223,-0.28769,0.08575,1.38,0.1744,-0.98
apart/g5/A|close/g3/A,cross,0.0,0,3,0.01354,-1.39663,0.08256,-1.36,0.21471,-0.08
apart/g5/A|close/g3/A,cross,0.0,1,3,0.01283,-0.17087,0.07412,-0.06,0.18691,-0.08
apart/g5/A|close/g3/A,cross,0.0,2,3,0.01237,-0.13806,0.06383,-1.3,0.16848,-1.08
apart/g5/A|close/g3/B,cross,0.0,0,3,0.01217,-1.29031,0.08343,-1.34,0.16114,-1.06
apart/g5/A|close/g3/B,cross,0.0,1,3,0.01409,0.45038,0.06689,-1.06,0.17064,-1.04
apart/g5/A|close/g3/B,cross,0.0,2,3,0.01482,-1.33156,0.0934,-1.06,0.17355,-1.06
apart/g5/A|close/g4/A,cross,0.0,0,3,0.01225,-0.45094,0.04924,1.5,0.16597,-0.18
apart/g5/A|close/g4/A,cross,0.0,1,3,0.01185,-0.17375,0.05731,1.34,0.19003,1.04
apart/g5/A|close/g4/A,cross,0.0,2,3,0.01207,0.09931,0.05897,0.32,0.19184,1.04
apart/g5/A|close/g4/B,cross,0.0,0,3,0.01186,-0.85956,0.06145,1.44,0.21042,1.44
apart/g5/A|close/g4/B,cross,0.0,1,3,0.01164,-0.39181,0.06863,1.46,0.1942,1.44
apart/g5/A|close/g4/B,cross,0.0,2,3,0.01219,0.19794,0.07255,0.42,0.15338,1.44
apart/g5/A|close/g8/A,cross,0.0,0,3,0.01272,-0.44269,0.05059,0.16,0.15648,0.14
apart/g5/A|close/g8/A,cross,0.0,1,3,0.01208,0.15919,0.05666,0.46,0.18572,-0.38
apart/g5/A|close/g8/A,cross,0.0,2,3,0.01399,-0.51887,0.06351,0.46,0.16731,-0.38
apart/g5/A|close/g8/B,cross,0.0,0,3,0.01336,0.85444,0.05621,0.62,0.19502,1.32
apart/g5/A|close/g8/B,cross,0.0,1,3,0.01162,1.15625,0.04392,0.62,0.14243,-0.24
apart/g5/A|close/g8/B,cross,0.0,2,3,0.01309,1.15625,0.05401,0.88,0.15059,0.6
apart/g5/A|close/g9/A,cross,0.0,0,3,0.01178,0.92463,0.04562,-0.02,0.22358,0.9
apart/g5/A|close/g9/A,cross,0.0,1,3,0.01706,0.75881,0.09714,1.32,0.18008,0.2
apart/g5/A|close/g9/A,cross,0.0,2,3,0.01392,0.75881,0.09769,1.34,0.17636,-0.78
apart/g5/A|close/g9/B,cross,0.0,0,3,0.02891,-0.31088,0.04227,-0.62,0.23485,0.92
apart/g5/A|close/g9/B,cross,0.0,1,3,0.0214,-0.31088,0.06353,1.34,0.21213,0.96
apart/g5/A|close/g9/B,cross,0.0,2,3,0.01911,-0.3105,0.07806,1.36,0.17749,-0.74
apart/g5/A|gone/g6/A,cross,0.0,0,3,0.01243,1.06056,0.09586,-1.26,0.20434,-0.6
apart/g5/A|gone/g6/A,cross,0.0,1,3,0.01439,-0.16987,0.08852,-1.42,0.1896,1.06
apart/g5/A|gone/g6/A,cross,0.0,2,3,0.01324,-0.62006,0.07776,-1.28,0.12384,-1.18
apart/g5/A|gone/g6/B,cross,0.0,0,3,0.01408,0.367,0.05365,1.48,0.21998,1.48
apart/g5/A|gone/g6/B,cross,0.0,1,3,0.01177,1.25181,0.12269,1.5,0.16233,1.48
apart/g5/A|gone/g6/B,cross,0.0,2,3,0.01266,-1.18306,0.10544,1.5,0.19262,-0.76
apart/g5/A|gone/g7/A,cross,0.0,0,3,0.01387,-1.16288,0.09355,-1.2,0.25847,1.34
apart/g5/A|gone/g7/A,cross,0.0,1,3,0.01348,0.59806,0.07988,-1.2,0.22139,1.34
apart/g5/A|gone/g7/A,cross,0.0,2,3,0.01504,-0.83769,0.11395,-1.18,0.23667,-1.18
apart/g5/A|gone/g7/B,cross,0.0,0,3,0.01253,-0.95637,0.10595,-1.5,0.14579,0.46
apart/g5/A|gone/g7/B,cross,0.0,1,3,0.01327,-0.28244,0.09586,-1.32,0.18253,0.44
apart/g5/A|gone/g7/B,cross,0.0,2,3,0.0139,1.00087,0.04819,-0.64,0.17633,0.44
apart/g5/B|close/g1/A,cross,0.0,0,3,0.01262,-1.10625,0.10636,-1.1,0.151,-1.1
apart/g5/B|close/g1/A,cross,0.0,1,3,0.01374,-1.10631,0.11542,0.98,0.21577,-1.1
apart/g5/B|close/g1/A,cross,0.0,2,3,0.01161,-0.07812,0.10129,0.96,0.2107,-1.1
apart/g5/B|close/g1/B,cross,0.0,0,3,0.01326,-1.00737,0.1149,-0.98,0.13984,-0.98
apart/g5/B|close/g1/B,cross,0.0,1,3,0.01178,-0.097,0.12178,1.06,0.20171,-0.98
apart/g5/B|close/g1/B,cross,0.0,2,3,0.01156,-1.01612,0.11047,1.06,0.18394,-0.98
apart/g5/B|close/g2/A,cross,0.0,0,3,0.01156,0.05831,0.05756,0.94,0.11606,0.66
apart/g5/B|close/g2/A,cross,0.0,1,3,0.01269,-1.16138,0.06133,-1.16,0.15058,0.66
apart/g5/B|close/g2/A,cross,0.0,2,3,0.0123,0.12144,0.05498,-1.44,0.1527,0.66
apart/g5/B|close/g2/B,cross,0.0,0,3,0.02554,0.59956,0.12022,0.6,0.31964,0.6
apart/g5/B|close/g2/B,cross,0.0,1,3,0.02524,0.59769,0.11654,0.6,0.32523,0.6
apart/g5/B|close/g2/B,cross,0.0,2,3,0.02566,0.59769,0.11514,0.6,0.31844,0.6
apart/g5/B|close/g3/A,cross,0.0,0,3,0.01772,1.44594,0.1151,1.44,0.24916,1.46
apart/g5/B|close/g3/A,cross,0.0,1,3,0.01846,1.44594,0.08721,1.44,0.23681,1.46
apart/g5/B|close/g3/A,cross,0.0,2,3,0.01845,1.44594,0.12075,1.44,0.26006,1.46
apart/g5/B|close/g3/B,cross,0.0,0,3,0.01478,1.49838,0.09093,1.5,0.18348,-0.68
apart/g5/B|close/g3/B,cross,0.0,1,3,0.01542,1.0245,0.06459,-0.68,0.17724,-0.66
apart/g5/B|close/g3/B,cross,0.0,2,3,0.01544,1.0245,0.08086,1.5,0.18186,1.08
apart/g5/B|close/g4/A,cross,0.0,0,3,0.01201,1.14631,0.09528,0.9,0.2373,-1.08
apart/g5/B|close/g4/A,cross,0.0,1,3,0.01226,1.13138,0.09506,0.9,0.22404,-1.08
apart/g5/B|close/g4/A,cross,0.0,2,3,0.0123,1.13138,0.08879,0.9,0.17867,-1.08
apart/g5/B|close/g4/B,cross,0.0,0,3,0.01339,-0.42188,0.10001,1.06,0.12408,-0.12
apart/g5/B|close/g4/B,cross,0.0,1,3,0.01224,0.72769,0.10789,0.98,0.16681,-0.1
apart/g5/B|close/g4/B,cross,0.0,2,3,0.01254,0.72769,0.09795,0.96,0.16648,0.96
apart/g5/B|close/g8/A,cross,0.0,0,3,0.01765,1.21569,0.13642,1.22,0.37948,1.22
apart/g5/B|close/g8/A,cross,0.0,1,3,0.01443,1.21569,0.17626,1.22,0.32066,1.22
apart/g5/B|close/g8/A,cross,0.0,2,3,0.01625,1.21569,0.17269,1.2,0.34648,1.22
apart/g5/B|close/g8/B,cross,0.0,0,3,0.0155,1.33013,0.12999,1.36,0.304,1.36
apart/g5/B|close/g8/B,cross,0.0,1,3,0.01636,-0.49769,0.15091,1.36,0.29404,1.36
apart/g5/B|close/g8/B,cross,0.0,2,3,0.01606,-0.55719,0.16148,1.34,0.31491,1.36
apart/g5/B|close/g9/A,cross,0.0,0,3,0.01265,-0.94525,0.07332,-1.32,0.12358,1.12
apart/g5/B|close/g9/A,cross,0.0,1,3,0.01275,0.97969,0.11449,0.98,0.20839,0.28
apart/g5/B|close/g9/A,cross,0.0,2,3,0.01254,0.99844,0.12148,0.96,0.21817,0.28
apart/g5/B|close/g9/B,cross,0.0,0,3,0.01992,0.97888,0.08434,-1.28,0.14321,-1.02
apart/g5/B|close/g9/B,cross,0.0,1,3,0.01428,-1.40831,0.1088,-1.42,0.2052,0.3
apart/g5/B|close/g9/B,cross,0.0,2,3,0.01369,0.32944,0.10475,0.98,0.20346,0.3
apart/g5/B|gone/g6/A,cross,0.0,0,3,0.01243,1.44162,0.08788,-0.7,0.16857,1.0
apart/g5/B|gone/g6/A,cross,0.0,1,3,0.01435,-0.77012,0.06161,0.74,0.19492,0.74
apart/g5/B|gone/g6/A,cross,0.0,2,3,0.01302,-0.77012,0.05099,-0.76,0.19587,1.0
apart/g5/B|gone/g6/B,cross,0.0,0,3,0.01733,0.81031,0.01328,1.5,0.16641,-0.68
apart/g5/B|gone/g6/B,cross,0.0,1,3,0.02054,0.81031,0.08899,1.32,0.22876,0.82
apart/g5/B|gone/g6/B,cross,0.0,2,3,0.02387,0.81031,0.09037,1.32,0.25514,0.82
apart/g5/B|gone/g7/A,cross,0.0,0,3,0.01274,-0.61906,0.04255,-1.38,0.20197,-0.24
apart/g5/B|gone/g7/A,cross,0.0,1,3,0.01233,-0.60475,0.04474,-1.34,0.15615,-0.22
apart/g5/B|gone/g7/A,cross,0.0,2,3,0.01324,-0.60925,0.04264,-1.32,0.17742,-0.24
apart/g5/B|gone/g7/B,cross,0.0,0,3,0.01299,0.69556,0.04978,-0.28,0.16992,-0.14
apart/g5/B|gone/g7/B,cross,0.0,1,3,0.01355,-0.41706,0.08102,-0.24,0.1748,-0.86
apart/g5/B|gone/g7/B,cross,0.0,2,3,0.0126,0.69556,0.0852,-0.28,0.15335,-0.88
close/g1/A|close/g2/A,cross,0.0,0,3,0.01217,0.52306,0.05053,0.06,0.16628,-0.72
close/g1/A|close/g2/A,cross,0.0,1,3,0.0122,0.96631,0.04416,0.74,0.15193,-1.5
close/g1/A|close/g2/A,cross,0.0,2,3,0.01287,-1.04725,0.06146,1.26,0.15148,-1.5
close/g1/A|close/g2/B,cross,0.0,0,3,0.01143,0.77812,0.06197,0.86,0.12502,-0.44
close/g1/A|close/g2/B,cross,0.0,1,3,0.01174,0.02844,0.06232,0.86,0.14037,0.48
close/g1/A|close/g2/B,cross,0.0,2,3,0.01281,0.36206,0.0564,0.86,0.13012,-0.44
close/g1/A|close/g3/A,cross,0.0,0,3,0.02135,-0.74362,0.08808,-0.74,0.20957,-1.18
close/g1/A|close/g3/A,cross,0.0,1,3,0.01718,-0.7455,0.13084,-0.74,0.18605,-0.72
close/g1/A|close/g3/A,cross,0.0,2,3,0.01559,-0.73687,0.11038,-0.74,0.16334,-0.72
close/g1/A|close/g3/B,cross,0.0,0,3,0.01408,-0.68119,0.04515,-0.88,0.1727,-1.12
close/g1/A|close/g3/B,cross,0.0,1,3,0.01341,-0.67631,0.08203,-0.68,0.15576,-1.12
close/g1/A|close/g3/B,cross,0.0,2,3,0.01448,-0.68119,0.09153,-1.14,0.15766,-1.12
close/g1/A|close/g4/A,cross,0.0,0,3,0.0164,-1.03313,0.12306,0.64,0.13561,0.78
close/g1/A|close/g4/A,cross,0.0,1,3,0.01175,-1.03313,0.11404,0.76,0.16599,0.78
close/g1/A|close/g4/A,cross,0.0,2,3,0.01265,0.20175,0.11823,0.76,0.1789,-1.3
close/g1/A|close/g4/B,cross,0.0,0,3,0.01242,0.26587,0.1287,0.58,0.18336,0.56
close/g1/A|close/g4/B,cross,0.0,1,3,0.01306,0.26587,0.1468,0.82,0.18586,0.84
close/g1/A|close/g4/B,cross,0.0,2,3,0.0118,-0.64963,0.14586,0.82,0.19586,0.84
close/g1/A|close/g8/A,cross,0.0,0,3,0.01577,-1.01963,0.12557,0.76,0.20914,-0.96
close/g1/A|close/g8/A,cross,0.0,1,3,0.01264,-1.01963,0.12517,0.74,0.18077,-0.98
close/g1/A|close/g8/A,cross,0.0,2,3,0.01674,-1.01963,0.13057,0.8,0.17091,-0.96
close/g1/A|close/g8/B,cross,0.0,0,3,0.01344,-0.83675,0.1835,0.66,0.20001,-0.84
close/g1/A|close/g8/B,cross,0.0,1,3,0.01247,0.76344,0.16269,0.68,0.24029,-0.84
close/g1/A|close/g8/B,cross,0.0,2,3,0.01357,0.76344,0.14923,0.68,0.23695,-0.84
close/g1/A|close/g9/A,cross,0.0,0,3,0.01793,0.31069,0.09236,1.32,0.21388,0.32
close/g1/A|close/g9/A,cross,0.0,1,3,0.01555,0.31069,0.14405,1.36,0.26381,0.32
close/g1/A|close/g9/A,cross,0.0,2,3,0.01552,0.57275,0.13796,1.34,0.20288,0.32
close/g1/A|close/g9/B,cross,0.0,0,3,0.03735,0.33313,0.11083,1.3,0.21761,0.34
close/g1/A|close/g9/B,cross,0.0,1,3,0.02605,0.59581,0.13051,1.36,0.25066,0.34
close/g1/A|close/g9/B,cross,0.0,2,3,0.02773,0.59581,0.14274,1.34,0.20385,0.36
close/g1/A|gone/g6/A,cross,0.0,0,3,0.01148,1.385,0.08507,-1.2,0.3028,-1.2
close/g1/A|gone/g6/A,cross,0.0,1,3,0.01157,0.66175,0.07402,0.68,0.23261,-1.18
close/g1/A|gone/g6/A,cross,0.0,2,3,0.01674,0.12125,0.068,-1.5,0.27076,0.66
close/g1/A|gone/g6/B,cross,0.0,0,3,0.01207,0.77956,0.03735,0.72,0.18105,-1.36
close/g1/A|gone/g6/B,cross,0.0,1,3,0.01292,-1.37294,0.08801,-1.36,0.29794,-1.36
close/g1/A|gone/g6/B,cross,0.0,2,3,0.01567,-1.36488,0.1005,1.14,0.26597,-1.36
close/g1/A|gone/g7/A,cross,0.0,0,3,0.01438,0.68419,0.07164,-0.12,0.24882,0.76
close/g1/A|gone/g7/A,cross,0.0,1,3,0.01585,0.72969,0.06902,-1.12,0.24887,0.76
close/g1/A|gone/g7/A,cross,0.0,2,3,0.01405,0.75013,0.08408,-1.5,0.2185,0.76
close/g1/A|gone/g7/B,cross,0.0,0,3,0.01155,0.84069,0.08533,1.24,0.15142,-0.76
close/g1/A|gone/g7/B,cross,0.0,1,3,0.01228,1.40131,0.0535,1.5,0.11158,0.82
close/g1/A|gone/g7/B,cross,0.0,2,3,0.01271,0.63938,0.08399,1.5,0.14409,-0.2
close/g1/B|close/g2/A,cross,0.0,0,3,0.0152,-0.85356,0.04679,0.62,0.16928,-0.86
close/g1/B|close/g2/A,cross,0.0,1,3,0.01237,-0.85575,0.04788,0.62,0.15563,0.28
close/g1/B|close/g2/A,cross,0.0,2,3,0.0124,-0.84894,0.07087,1.16,0.14863,0.3
close/g1/B|close/g2/B,cross,0.0,0,3,0.01674,-0.7785,0.07124,0.68,0.10906,0.36
close/g1/B|close/g2/B,cross,0.0,1,3,0.01277,-0.7785,0.06357,0.76,0.13889,-0.54
close/g1/B|close/g2/B,cross,0.0,2,3,0.01455,-0.7755,0.052,0.76,0.12389,-0.54
close/g1/B|close/g3/A,cross,0.0,0,3,0.01681,-0.84381,0.08902,-0.84,0.1758,-1.3
close/g1/B|close/g3/A,cross,0.0,1,3,0.01501,-0.84437,0.14802,-0.84,0.19198,-0.84
close/g1/B|close/g3/A,cross,0.0,2,3,0.01537,-0.83325,0.12137,-0.84,0.18053,-0.84
close/g1/B|close/g3/B,cross,0.0,0,3,0.01568,-0.78419,0.05396,-0.98,0.18682,0.0
close/g1/B|close/g3/B,cross,0.0,1,3,0.01499,0.58975,0.09785,-0.8,0.15659,-0.78
close/g1/B|close/g3/B,cross,0.0,2,3,0.0166,0.58975,0.09974,-1.22,0.16996,-1.22
close/g1/B|close/g4/A,cross,0.0,0,3,0.01333,-1.05963,0.12243,0.54,0.16404,0.66
close/g1/B|close/g4/A,cross,0.0,1,3,0.01257,0.16844,0.11917,0.66,0.17405,0.66
close/g1/B|close/g4/A,cross,0.0,2,3,0.0133,0.86538,0.13189,0.66,0.20009,-1.4
close/g1/B|close/g4/B,cross,0.0,0,3,0.01285,1.17181,0.13867,0.72,0.17701,0.74
close/g1/B|close/g4/B,cross,0.0,1,3,0.01221,0.46625,0.15184,0.7,0.18798,0.74
close/g1/B|close/g4/B,cross,0.0,2,3,0.01422,1.15863,0.14644,0.7,0.18483,0.72
close/g1/B|close/g8/A,cross,0.0,0,3,0.0145,-1.07444,0.15461,0.44,0.22548,-1.08
close/g1/B|close/g8/A,cross,0.0,1,3,0.01263,-1.077,0.15472,0.48,0.17877,-1.08
close/g1/B|close/g8/A,cross,0.0,2,3,0.01334,-1.07444,0.15092,0.68,0.16742,-1.08
close/g1/B|close/g8/B,cross,0.0,0,3,0.01469,-0.953,0.21358,0.56,0.22675,-0.94
close/g1/B|close/g8/B,cross,0.0,1,3,0.01501,0.42669,0.2035,0.62,0.21873,-0.96
close/g1/B|close/g8/B,cross,0.0,2,3,0.01466,0.42669,0.18442,0.62,0.21178,-0.96
close/g1/B|close/g9/A,cross,0.0,0,3,0.02234,0.20406,0.07154,1.24,0.27033,0.2
close/g1/B|close/g9/A,cross,0.0,1,3,0.01934,0.20513,0.12473,1.24,0.27996,0.2
close/g1/B|close/g9/A,cross,0.0,2,3,0.01916,0.50919,0.11698,1.24,0.21797,0.22
close/g1/B|close/g9/B,cross,0.0,0,3,0.03742,0.22212,0.09347,1.2,0.24347,0.22
close/g1/B|close/g9/B,cross,0.0,1,3,0.02784,0.50369,0.11882,1.26,0.25038,0.24
close/g1/B|close/g9/B,cross,0.0,2,3,0.02415,0.50369,0.12599,1.24,0.22319,0.24
close/g1/B|gone/g6/A,cross,0.0,0,3,0.01226,0.55781,0.07588,-1.3,0.27823,-1.3
close/g1/B|gone/g6/A,cross,0.0,1,3,0.01253,0.50362,0.06807,0.56,0.27256,-1.3
close/g1/B|gone/g6/A,cross,0.0,2,3,0.01432,-0.74925,0.06963,-1.02,0.29824,0.56
close/g1/B|gone/g6/B,cross,0.0,0,3,0.01253,-1.47844,0.03378,0.58,0.24075,1.22
close/g1/B|gone/g6/B,cross,0.0,1,3,0.0171,-1.47844,0.08272,1.04,0.31006,-1.48
close/g1/B|gone/g6/B,cross,0.0,2,3,0.01655,-1.47644,0.10393,1.0,0.28605,-1.48
close/g1/B|gone/g7/A,cross,0.0,0,3,0.0233,0.61819,0.06568,-0.22,0.32183,0.64
close/g1/B|gone/g7/A,cross,0.0,1,3,0.01654,0.61819,0.05912,-1.3,0.27714,0.64
close/g1/B|gone/g7/A,cross,0.0,2,3,0.01551,0.61819,0.06142,-1.5,0.24687,0.64
close/g1/B|gone/g7/B,cross,0.0,0,3,0.01344,0.56781,0.08871,1.12,0.14358,-0.9
close/g1/B|gone/g7/B,cross,0.0,1,3,0.0124,-0.519,0.06817,1.4,0.11916,-0.98
close/g1/B|gone/g7/B,cross,0.0,2,3,0.01246,-0.69275,0.08857,1.38,0.1472,1.5
close/g2/A|close/g3/A,cross,0.0,0,3,0.01133,-0.01675,0.08317,0.28,0.13695,0.78
close/g2/A|close/g3/A,cross,0.0,1,3,0.01262,-0.3875,0.07971,0.28,0.1206,-0.82
close/g2/A|close/g3/A,cross,0.0,2,3,0.01195,-0.60013,0.07411,-0.82,0.16103,-0.82
close/g2/A|close/g3/B,cross,0.0,0,3,0.01305,-1.40938,0.07703,-1.26,0.16373,0.84
close/g2/A|close/g3/B,cross,0.0,1,3,0.01218,-1.44037,0.07365,-1.28,0.11286,-0.64
close/g2/A|close/g3/B,cross,0.0,2,3,0.01268,0.53863,0.05506,0.4,0.10464,-1.06
close/g2/A|close/g4/A,cross,0.0,0,3,0.01249,-0.00375,0.04674,0.36,0.15476,0.76
close/g2/A|close/g4/A,cross,0.0,1,3,0.01148,-0.92688,0.04189,-1.22,0.14051,0.74
close/g2/A|close/g4/A,cross,0.0,2,3,0.01298,-1.237,0.0388,-1.22,0.15741,0.76
close/g2/A|close/g4/B,cross,0.0,0,3,0.01124,-0.31344,0.07401,0.42,0.161,-0.66
close/g2/A|close/g4/B,cross,0.0,1,3,0.0118,-1.33062,0.04247,-1.16,0.17381,0.8
close/g2/A|close/g4/B,cross,0.0,2,3,0.0126,-0.69625,0.0449,-1.16,0.18113,0.8
close/g2/A|close/g8/A,cross,0.0,0,3,0.0125,1.07144,0.06872,0.3,0.15309,0.72
close/g2/A|close/g8/A,cross,0.0,1,3,0.01231,1.07144,0.04885,-1.16,0.13065,-1.14
close/g2/A|close/g8/A,cross,0.0,2,3,0.01438,-0.82231,0.07328,-1.16,0.14001,0.72
close/g2/A|close/g8/B,cross,0.0,0,3,0.01743,1.35069,0.07573,0.5,0.14025,-0.12
close/g2/A|close/g8/B,cross,0.0,1,3,0.01653,1.35069,0.07898,0.7,0.12627,-1.0
close/g2/A|close/g8/B,cross,0.0,2,3,0.01732,1.35069,0.07473,0.7,0.13811,0.84
close/g2/A|close/g9/A,cross,0.0,0,3,0.01411,0.52406,0.06421,0.38,0.16729,-0.58
close/g2/A|close/g9/A,cross,0.0,1,3,0.0124,-0.389,0.07001,-0.68,0.1425,-0.58
close/g2/A|close/g9/A,cross,0.0,2,3,0.0137,-0.35413,0.04461,-1.22,0.15879,-0.38
close/g2/A|close/g9/B,cross,0.0,0,3,0.01942,-0.36931,0.07374,0.42,0.15766,-0.56
close/g2/A|close/g9/B,cross,0.0,1,3,0.01621,-0.36962,0.05908,-0.72,0.13682,-0.36
close/g2/A|close/g9/B,cross,0.0,2,3,0.01463,-0.36962,0.03649,-1.2,0.16113,-0.36
close/g2/A|gone/g6/A,cross,0.0,0,3,0.01176,-1.41281,0.05859,-1.22,0.16968,-1.34
close/g2/A|gone/g6/A,cross,0.0,1,3,0.01387,-1.26725,0.07796,-1.34,0.15416,-1.34
close/g2/A|gone/g6/A,cross,0.0,2,3,0.01276,-0.28044,0.06126,-1.24,0.15538,-1.32
close/g2/A|gone/g6/B,cross,0.0,0,3,0.01157,1.09444,0.05138,1.42,0.14751,-1.38
close/g2/A|gone/g6/B,cross,0.0,1,3,0.0125,1.23256,0.03781,0.4,0.19348,-1.36
close/g2/A|gone/g6/B,cross,0.0,2,3,0.01217,1.45181,0.0727,0.38,0.16284,-1.36
close/g2/A|gone/g7/A,cross,0.0,0,3,0.0132,-0.90694,-0.00032,-0.1,0.10855,0.2
close/g2/A|gone/g7/A,cross,0.0,1,3,0.01133,-1.12613,-0.0042,0.16,0.11384,-0.3
close/g2/A|gone/g7/A,cross,0.0,2,3,0.01229,0.0295,-0.01417,1.5,0.11005,-0.32
close/g2/A|gone/g7/B,cross,0.0,0,3,0.015,1.05256,0.03285,1.06,0.09005,-1.38
close/g2/A|gone/g7/B,cross,0.0,1,3,0.01389,-0.02156,0.06111,1.22,0.09605,0.74
close/g2/A|gone/g7/B,cross,0.0,2,3,0.01219,1.10594,0.10117,1.22,0.09768,1.22
close/g2/B|close/g3/A,cross,0.0,0,3,0.02448,0.8365,0.06713,-0.8,0.22031,0.88
close/g2/B|close/g3/A,cross,0.0,1,3,0.02371,0.83594,0.06825,-0.8,0.21222,0.88
close/g2/B|close/g3/A,cross,0.0,2,3,0.02324,0.8365,0.05918,0.22,0.20705,0.88
close/g2/B|close/g3/B,cross,0.0,0,3,0.02127,0.88325,0.07242,1.4,0.16056,-0.38
close/g2/B|close/g3/B,cross,0.0,1,3,0.02239,0.88325,0.05379,1.4,0.14776,0.94
close/g2/B|close/g3/B,cross,0.0,2,3,0.02123,0.88325,0.04435,1.48,0.15682,0.94
close/g2/B|close/g4/A,cross,0.0,0,3,0.01231,-0.82037,0.07446,0.8,0.18714,-0.66
close/g2/B|close/g4/A,cross,0.0,1,3,0.01213,-0.18444,0.0489,0.68,0.19836,-0.66
close/g2/B|close/g4/A,cross,0.0,2,3,0.01131,-0.11994,0.03039,0.12,0.18576,-0.66
close/g2/B|close/g4/B,cross,0.0,0,3,0.01173,-0.52344,0.08074,0.84,0.22715,-0.28
close/g2/B|close/g4/B,cross,0.0,1,3,0.01261,0.49638,0.06195,1.2,0.19185,-0.28
close/g2/B|close/g4/B,cross,0.0,2,3,0.0119,0.49638,0.03929,0.12,0.18383,-0.28
close/g2/B|close/g8/A,cross,0.0,0,3,0.01678,0.59306,0.12299,1.44,0.23672,0.62
close/g2/B|close/g8/A,cross,0.0,1,3,0.0183,0.59306,0.09908,0.48,0.19909,0.6
close/g2/B|close/g8/A,cross,0.0,2,3,0.01757,0.59306,0.07619,0.5,0.21296,0.6
close/g2/B|close/g8/B,cross,0.0,0,3,0.02011,-1.09862,0.12532,0.7,0.25062,0.74
close/g2/B|close/g8/B,cross,0.0,1,3,0.01906,-1.13387,0.10783,0.64,0.24054,0.74
close/g2/B|close/g8/B,cross,0.0,2,3,0.02073,-1.13387,0.10197,0.7,0.25579,0.74
close/g2/B|close/g9/A,cross,0.0,0,3,0.01678,0.74431,0.06705,0.46,0.14118,-0.46
close/g2/B|close/g9/A,cross,0.0,1,3,0.01763,-0.6195,0.08186,-0.9,0.14089,-0.46
close/g2/B|close/g9/A,cross,0.0,2,3,0.01655,0.45637,0.05838,0.48,0.12477,-0.46
close/g2/B|close/g9/B,cross,0.0,0,3,0.03316,0.3945,0.07881,0.48,0.15119,-0.44
close/g2/B|close/g9/B,cross,0.0,1,3,0.02176,0.76656,0.08663,-0.88,0.12589,-0.44
close/g2/B|close/g9/B,cross,0.0,2,3,0.0201,0.76656,0.06993,0.48,0.10859,-0.44
close/g2/B|gone/g6/A,cross,0.0,0,3,0.01233,1.20044,0.01529,-1.42,0.16179,-0.76
close/g2/B|gone/g6/A,cross,0.0,1,3,0.01203,-0.30406,0.06087,-1.44,0.14403,-1.02
close/g2/B|gone/g6/A,cross,0.0,2,3,0.01213,-1.00094,0.06334,-1.44,0.12585,-1.02
close/g2/B|gone/g6/B,cross,0.0,0,3,0.02198,0.20844,0.02489,-1.3,0.16653,1.02
close/g2/B|gone/g6/B,cross,0.0,1,3,0.03796,0.20844,0.06768,0.22,0.23622,-0.42
close/g2/B|gone/g6/B,cross,0.0,2,3,0.03867,0.20844,0.08621,0.22,0.2255,0.22
close/g2/B|gone/g7/A,cross,0.0,0,3,0.01723,0.54056,-0.01626,1.16,0.20673,1.18
close/g2/B|gone/g7/A,cross,0.0,1,3,0.01682,0.48337,-0.03712,1.16,0.21946,1.18
close/g2/B|gone/g7/A,cross,0.0,2,3,0.01607,0.53969,-0.01911,1.5,0.22199,1.18
close/g2/B|gone/g7/B,cross,0.0,0,3,0.0132,0.46269,0.05164,1.48,0.2303,-0.72
close/g2/B|gone/g7/B,cross,0.0,1,3,0.01322,0.52706,0.04454,1.14,0.22726,-0.72
close/g2/B|gone/g7/B,cross,0.0,2,3,0.01456,-0.715,0.04856,1.12,0.25087,-0.72
close/g3/A|close/g4/A,cross,0.0,0,3,0.01269,1.4885,0.08013,1.46,0.22032,-0.1
close/g3/A|close/g4/A,cross,0.0,1,3,0.0116,-0.81194,0.12081,1.46,0.19276,-0.1
close/g3/A|close/g4/A,cross,0.0,2,3,0.01234,0.90525,0.10329,1.42,0.19378,0.36
close/g3/A|close/g4/B,cross,0.0,0,3,0.01197,1.03206,0.05223,1.5,0.19374,-1.48
close/g3/A|close/g4/B,cross,0.0,1,3,0.01274,0.37788,0.11791,1.5,0.18722,-1.48
close/g3/A|close/g4/B,cross,0.0,2,3,0.01347,0.35775,0.11568,1.5,0.15154,1.18
close/g3/A|close/g8/A,cross,0.0,0,3,0.02399,-0.22106,0.14743,-0.22,0.16818,-0.26
close/g3/A|close/g8/A,cross,0.0,1,3,0.02499,-0.22106,0.13389,-0.26,0.21124,-0.28
close/g3/A|close/g8/A,cross,0.0,2,3,0.02225,-0.22106,0.12239,-0.26,0.18132,-0.26
close/g3/A|close/g8/B,cross,0.0,0,3,0.01861,-0.08594,0.136,-0.12,0.12475,-0.62
close/g3/A|close/g8/B,cross,0.0,1,3,0.01774,-0.13731,0.13499,-0.12,0.17756,-0.12
close/g3/A|close/g8/B,cross,0.0,2,3,0.01534,-0.098,0.11539,-0.14,0.17355,-1.5
close/g3/A|close/g9/A,cross,0.0,0,3,0.02492,1.06256,0.12036,1.04,0.28108,1.04
close/g3/A|close/g9/A,cross,0.0,1,3,0.02113,1.05606,0.09596,1.04,0.23804,1.02
close/g3/A|close/g9/A,cross,0.0,2,3,0.0242,1.06181,0.08671,1.04,0.22685,1.02
close/g3/A|close/g9/B,cross,0.0,0,3,0.05257,1.08413,0.11517,1.06,0.30266,1.04
close/g3/A|close/g9/B,cross,0.0,1,3,0.03973,1.08413,0.09743,1.06,0.21908,1.04
close/g3/A|close/g9/B,cross,0.0,2,3,0.042,1.08413,0.0869,1.06,0.21422,1.02
close/g3/A|gone/g6/A,cross,0.0,0,3,0.0122,-0.94288,0.07489,1.16,0.20573,1.16
close/g3/A|gone/g6/A,cross,0.0,1,3,0.01162,-0.06444,0.06413,1.16,0.18667,1.16
close/g3/A|gone/g6/A,cross,0.0,2,3,0.01306,-1.49069,0.04174,1.18,0.20594,1.4
close/g3/A|gone/g6/B,cross,0.0,0,3,0.01552,1.36831,0.08506,1.12,0.19054,-0.68
close/g3/A|gone/g6/B,cross,0.0,1,3,0.02283,-0.61931,0.06378,1.1,0.2406,-0.66
close/g3/A|gone/g6/B,cross,0.0,2,3,0.02184,-0.61931,0.08683,-1.46,0.27397,-0.66
close/g3/A|gone/g7/A,cross,0.0,0,3,0.02693,1.47331,0.10416,1.46,0.31245,1.46
close/g3/A|gone/g7/A,cross,0.0,1,3,0.02523,1.47331,0.11359,1.46,0.25557,1.46
close/g3/A|gone/g7/A,cross,0.0,2,3,0.02283,1.44625,0.07922,1.46,0.21304,1.46
close/g3/A|gone/g7/B,cross,0.0,0,3,0.01343,-0.26156,0.0371,0.58,0.14448,0.92
close/g3/A|gone/g7/B,cross,0.0,1,3,0.01276,0.65212,0.056,0.58,0.12238,-0.28
close/g3/A|gone/g7/B,cross,0.0,2,3,0.01203,0.70975,0.08586,0.68,0.15124,0.9
close/g3/B|close/g4/A,cross,0.0,0,3,0.01143,-1.20831,0.06592,1.44,0.14288,-0.6
close/g3/B|close/g4/A,cross,0.0,1,3,0.01173,-0.962,0.08484,1.4,0.14216,-0.16
close/g3/B|close/g4/A,cross,0.0,2,3,0.0122,-1.18444,0.08977,-0.62,0.15018,-0.16
close/g3/B|close/g4/B,cross,0.0,0,3,0.01214,-0.77987,0.05267,-0.48,0.15635,-0.1
close/g3/B|close/g4/B,cross,0.0,1,3,0.0123,0.45169,0.09636,1.48,0.14051,1.24
close/g3/B|close/g4/B,cross,0.0,2,3,0.01218,-0.09256,0.10719,1.5,0.16292,1.5
close/g3/B|close/g8/A,cross,0.0,0,3,0.01409,-0.30269,0.08681,-0.3,0.15883,-0.3
close/g3/B|close/g8/A,cross,0.0,1,3,0.01439,-0.30038,0.07335,-0.16,0.13393,-0.3
close/g3/B|close/g8/A,cross,0.0,2,3,0.01348,-0.28394,0.0703,1.5,0.14483,-0.3
close/g3/B|close/g8/B,cross,0.0,0,3,0.01232,-0.16825,0.05934,1.26,0.18135,0.9
close/g3/B|close/g8/B,cross,0.0,1,3,0.01161,0.91463,0.06047,1.24,0.16917,0.9
close/g3/B|close/g8/B,cross,0.0,2,3,0.01144,0.91463,0.04996,0.36,0.10429,0.9
close/g3/B|close/g9/A,cross,0.0,0,3,0.02005,0.99238,0.1166,0.98,0.27676,0.98
close/g3/B|close/g9/A,cross,0.0,1,3,0.01857,-0.10481,0.09482,-0.8,0.2293,0.98
close/g3/B|close/g9/A,cross,0.0,2,3,0.02127,-0.0915,0.07987,0.98,0.21435,0.96
close/g3/B|close/g9/B,cross,0.0,0,3,0.02889,1.02862,0.11028,1.0,0.26684,1.0
close/g3/B|close/g9/B,cross,0.0,1,3,0.02352,-0.08825,0.08986,1.0,0.20439,0.98
close/g3/B|close/g9/B,cross,0.0,2,3,0.02852,-0.08175,0.08075,1.0,0.20941,0.98
close/g3/B|gone/g6/A,cross,0.0,0,3,0.01341,0.21406,0.06254,0.4,0.15719,-1.28
close/g3/B|gone/g6/A,cross,0.0,1,3,0.01188,-1.33025,0.07013,-1.0,0.17979,-1.0
close/g3/B|gone/g6/A,cross,0.0,2,3,0.01149,-1.05913,0.05498,-1.5,0.1184,1.1
close/g3/B|gone/g6/B,cross,0.0,0,3,0.01165,0.98294,0.05412,-1.5,0.15795,0.68
close/g3/B|gone/g6/B,cross,0.0,1,3,0.01654,-0.68575,0.04621,-1.5,0.20477,-0.72
close/g3/B|gone/g6/B,cross,0.0,2,3,0.01772,-0.68575,0.05609,-1.4,0.24234,-0.7
close/g3/B|gone/g7/A,cross,0.0,0,3,0.02129,1.42013,0.12683,1.4,0.20882,1.4
close/g3/B|gone/g7/A,cross,0.0,1,3,0.02091,1.42013,0.12913,1.4,0.1681,1.38
close/g3/B|gone/g7/A,cross,0.0,2,3,0.01685,1.377,0.05837,1.4,0.17359,1.4
close/g3/B|gone/g7/B,cross,0.0,0,3,0.01217,0.02875,0.02983,0.22,0.15544,0.88
close/g3/B|gone/g7/B,cross,0.0,1,3,0.012,1.22206,0.04065,0.56,0.12576,0.9
close/g3/B|gone/g7/B,cross,0.0,2,3,0.01208,0.69406,0.07953,0.62,0.12716,0.22
close/g4/A|close/g8/A,cross,0.0,0,3,0.0126,-0.85969,0.09399,-0.16,0.22773,-0.06
close/g4/A|close/g8/A,cross,0.0,1,3,0.0116,-0.85969,0.11513,0.38,0.22429,-0.08
close/g4/A|close/g8/A,cross,0.0,2,3,0.0127,0.6595,0.09632,0.36,0.23275,-0.08
close/g4/A|close/g8/B,cross,0.0,0,3,0.01353,-1.229,0.11252,-0.04,0.22154,0.08
close/g4/A|close/g8/B,cross,0.0,1,3,0.0114,0.05112,0.10043,0.52,0.24941,0.06
close/g4/A|close/g8/B,cross,0.0,2,3,0.01148,0.15637,0.08222,0.54,0.25493,0.06
close/g4/A|close/g9/A,cross,0.0,0,3,0.01252,1.09425,0.0512,-0.14,0.24686,-0.14
close/g4/A|close/g9/A,cross,0.0,1,3,0.01276,0.10431,0.08851,-0.14,0.16714,-0.16
close/g4/A|close/g9/A,cross,0.0,2,3,0.01359,0.60825,0.07639,-0.82,0.13746,-0.84
close/g4/A|close/g9/B,cross,0.0,0,3,0.01368,-0.26512,0.05377,-0.12,0.20846,-0.14
close/g4/A|close/g9/B,cross,0.0,1,3,0.01514,-0.03325,0.09071,-0.04,0.13478,-0.14
close/g4/A|close/g9/B,cross,0.0,2,3,0.01337,-0.03325,0.06916,-0.82,0.13113,-0.82
close/g4/A|gone/g6/A,cross,0.0,0,3,0.0109,-0.07469,0.02052,1.08,0.14902,-0.06
close/g4/A|gone/g6/A,cross,0.0,1,3,0.01213,1.01969,0.08977,-0.1,0.1908,1.04
close/g4/A|gone/g6/A,cross,0.0,2,3,0.01309,-0.12312,0.10484,-0.46,0.20624,1.06
close/g4/A|gone/g6/B,cross,0.0,0,3,0.01356,0.74581,0.01937,0.88,0.21969,0.9
close/g4/A|gone/g6/B,cross,0.0,1,3,0.0113,0.04188,0.02403,0.42,0.21533,0.4
close/g4/A|gone/g6/B,cross,0.0,2,3,0.01192,0.225,0.05,0.16,0.19945,0.4
close/g4/A|gone/g7/A,cross,0.0,0,3,0.01494,-0.02494,0.05867,1.5,0.14579,-0.06
close/g4/A|gone/g7/A,cross,0.0,1,3,0.01189,-0.02494,-0.00079,1.5,0.12732,-1.06
close/g4/A|gone/g7/A,cross,0.0,2,3,0.01183,-0.05106,0.0136,1.5,0.12321,-0.7
close/g4/A|gone/g7/B,cross,0.0,0,3,0.01282,0.55969,0.09142,0.78,0.18753,0.78
close/g4/A|gone/g7/B,cross,0.0,1,3,0.01242,0.86206,0.05397,0.86,0.1723,-1.5
close/g4/A|gone/g7/B,cross,0.0,2,3,0.01291,0.87881,0.05742,0.86,0.17678,-1.5
close/g4/B|close/g8/A,cross,0.0,0,3,0.01279,0.6995,0.08322,-0.16,0.23139,-1.46
close/g4/B|close/g8/A,cross,0.0,1,3,0.01213,-0.05969,0.10294,0.32,0.18592,-0.12
close/g4/B|close/g8/A,cross,0.0,2,3,0.0114,-0.76944,0.08954,-0.14,0.18449,0.72
close/g4/B|close/g8/B,cross,0.0,0,3,0.01226,-1.12356,0.09828,-0.1,0.25568,-1.32
close/g4/B|close/g8/B,cross,0.0,1,3,0.01251,-0.25638,0.09723,0.46,0.20462,0.0
close/g4/B|close/g8/B,cross,0.0,2,3,0.01298,-0.1205,0.07467,0.46,0.19164,0.0
close/g4/B|close/g9/A,cross,0.0,0,3,0.01297,-0.52431,0.04238,0.52,0.23179,-0.54
close/g4/B|close/g9/A,cross,0.0,1,3,0.01267,0.88569,0.08767,-0.18,0.24235,-0.54
close/g4/B|close/g9/A,cross,0.0,2,3,0.01237,-1.33181,0.09271,-0.16,0.20623,-0.54
close/g4/B|close/g9/B,cross,0.0,0,3,0.02187,-0.50606,0.0504,0.54,0.23456,-0.52
close/g4/B|close/g9/B,cross,0.0,1,3,0.01452,0.57225,0.09567,-0.14,0.21106,-0.52
close/g4/B|close/g9/B,cross,0.0,2,3,0.01415,-0.43644,0.08845,-0.12,0.19332,-0.52
close/g4/B|gone/g6/A,cross,0.0,0,3,0.012,-0.08175,0.03374,-1.5,0.12601,-0.12
close/g4/B|gone/g6/A,cross,0.0,1,3,0.01427,-0.08175,0.1019,-0.18,0.18326,-0.18
close/g4/B|gone/g6/A,cross,0.0,2,3,0.01439,1.17988,0.12877,-0.46,0.16587,1.0
close/g4/B|gone/g6/B,cross,0.0,0,3,0.01226,0.62906,0.06945,0.76,0.17765,1.3
close/g4/B|gone/g6/B,cross,0.0,1,3,0.01186,1.26113,0.02954,0.34,0.23384,0.36
close/g4/B|gone/g6/B,cross,0.0,2,3,0.01159,0.75694,0.0452,0.34,0.20156,0.36
close/g4/B|gone/g7/A,cross,0.0,0,3,0.01138,1.13456,0.04493,1.48,0.20523,-0.86
close/g4/B|gone/g7/A,cross,0.0,1,3,0.01096,-0.36969,-0.01823,-0.76,0.17586,-0.1
close/g4/B|gone/g7/A,cross,0.0,2,3,0.01051,-0.89894,-0.02369,1.46,0.17135,-0.1
close/g4/B|gone/g7/B,cross,0.0,0,3,0.01217,0.29037,0.11855,0.7,0.17504,0.96
close/g4/B|gone/g7/B,cross,0.0,1,3,0.01212,1.35831,0.05801,1.5,0.14457,0.96
close/g4/B|gone/g7/B,cross,0.0,2,3,0.01194,0.96275,0.04826,0.86,0.14771,0.96
close/g8/A|close/g9/A,cross,0.0,0,3,0.02639,1.27825,0.11235,-0.94,0.22179,-0.94
close/g8/A|close/g9/A,cross,0.0,1,3,0.03078,0.48331,0.12596,-0.46,0.24144,0.5
close/g8/A|close/g9/A,cross,0.0,2,3,0.03129,0.48375,0.0871,-0.4,0.29025,-0.72
close/g8/A|close/g9/B,cross,0.0,0,3,0.03476,1.3,0.10734,-0.94,0.20425,1.3
close/g8/A|close/g9/B,cross,0.0,1,3,0.05857,0.50687,0.1314,-0.44,0.30234,0.52
close/g8/A|close/g9/B,cross,0.0,2,3,0.0551,0.50687,0.08767,-0.1,0.28461,0.52
close/g8/A|gone/g6/A,cross,0.0,0,3,0.0116,0.94237,0.02573,1.5,0.12681,-1.36
close/g8/A|gone/g6/A,cross,0.0,1,3,0.01169,0.49581,-0.00019,1.5,0.13267,0.96
close/g8/A|gone/g6/A,cross,0.0,2,3,0.01137,0.61744,0.0107,-1.04,0.26615,-1.4
close/g8/A|gone/g6/B,cross,0.0,0,3,0.01196,-1.10194,0.04507,0.12,0.23643,1.4
close/g8/A|gone/g6/B,cross,0.0,1,3,0.01431,1.3435,0.10226,0.1,0.19764,0.48
close/g8/A|gone/g6/B,cross,0.0,2,3,0.01354,1.34344,0.14157,0.1,0.22464,0.48
close/g8/A|gone/g7/A,cross,0.0,0,3,0.01266,-0.08669,0.12628,1.22,0.1704,1.22
close/g8/A|gone/g7/A,cross,0.0,1,3,0.01155,-0.17069,0.11194,1.22,0.25185,0.6
close/g8/A|gone/g7/A,cross,0.0,2,3,0.01171,0.89506,0.11444,1.22,0.22998,0.6
close/g8/A|gone/g7/B,cross,0.0,0,3,0.01302,0.37775,0.13688,0.9,0.20521,-1.34
close/g8/A|gone/g7/B,cross,0.0,1,3,0.01237,0.37775,0.15256,1.02,0.26028,-0.42
close/g8/A|gone/g7/B,cross,0.0,2,3,0.01282,0.40244,0.14319,1.02,0.23519,-1.36
close/g8/B|close/g9/A,cross,0.0,0,3,0.02264,1.13444,0.15392,-0.86,0.21161,-1.08
close/g8/B|close/g9/A,cross,0.0,1,3,0.02208,1.13444,0.14103,-0.64,0.19158,0.34
close/g8/B|close/g9/A,cross,0.0,2,3,0.02108,1.13444,0.0929,-0.84,0.23849,-0.86
close/g8/B|close/g9/B,cross,0.0,0,3,0.03713,1.15675,0.16072,-0.82,0.16708,1.32
close/g8/B|close/g9/B,cross,0.0,1,3,0.01865,1.15675,0.14274,-0.58,0.2256,0.36
close/g8/B|close/g9/B,cross,0.0,2,3,0.01908,1.15675,0.09726,-0.82,0.20118,0.38
close/g8/B|gone/g6/A,cross,0.0,0,3,0.01157,1.487,0.04471,1.5,0.25342,1.5
close/g8/B|gone/g6/A,cross,0.0,1,3,0.01167,0.97137,0.00716,1.5,0.18373,1.5
close/g8/B|gone/g6/A,cross,0.0,2,3,0.01096,0.97137,-0.04047,1.5,0.1953,1.5
close/g8/B|gone/g6/B,cross,0.0,0,3,0.01235,0.30831,0.01719,-0.06,0.23111,0.32
close/g8/B|gone/g6/B,cross,0.0,1,3,0.0179,1.32919,0.0833,-0.2,0.20831,1.28
close/g8/B|gone/g6/B,cross,0.0,2,3,0.01831,1.32919,0.13048,0.36,0.24658,0.34
close/g8/B|gone/g7/A,cross,0.0,0,3,0.01164,1.40925,0.06981,1.5,0.17553,1.08
close/g8/B|gone/g7/A,cross,0.0,1,3,0.01161,1.39081,0.07049,1.5,0.21098,0.46
close/g8/B|gone/g7/A,cross,0.0,2,3,0.01217,-0.18319,0.11447,1.5,0.19917,0.46
close/g8/B|gone/g7/B,cross,0.0,0,3,0.01503,0.87369,0.16369,0.88,0.28312,-1.5
close/g8/B|gone/g7/B,cross,0.0,1,3,0.01441,-1.39331,0.20982,0.88,0.25919,-1.48
close/g8/B|gone/g7/B,cross,0.0,2,3,0.0154,0.301,0.18551,0.88,0.26439,-1.5
close/g9/A|gone/g6/A,cross,0.0,0,3,0.01354,0.32556,0.0961,-1.24,0.23125,-1.22
close/g9/A|gone/g6/A,cross,0.0,1,3,0.01676,0.63275,0.0938,-1.5,0.17887,0.7
close/g9/A|gone/g6/A,cross,0.0,2,3,0.01536,0.63231,0.1506,0.06,0.27188,-0.66
close/g9/A|gone/g6/B,cross,0.0,0,3,0.01072,1.2055,0.13898,0.54,0.26798,0.56
close/g9/A|gone/g6/B,cross,0.0,1,3,0.01563,0.25738,0.08687,0.54,0.23137,0.54
close/g9/A|gone/g6/B,cross,0.0,2,3,0.01584,0.25738,0.04602,0.54,0.19624,0.54
close/g9/A|gone/g7/A,cross,0.0,0,3,0.02684,0.43256,0.07967,-1.32,0.34038,0.42
close/g9/A|gone/g7/A,cross,0.0,1,3,0.02615,0.41806,0.03911,-1.32,0.30272,0.44
close/g9/A|gone/g7/A,cross,0.0,2,3,0.02666,0.43181,0.14228,-1.34,0.27244,0.44
close/g9/A|gone/g7/B,cross,0.0,0,3,0.01407,-0.42425,0.09382,1.04,0.17804,1.04
close/g9/A|gone/g7/B,cross,0.0,1,3,0.0116,-1.37363,0.05163,0.92,0.16081,-1.18
close/g9/A|gone/g7/B,cross,0.0,2,3,0.01145,-0.42137,-0.01123,1.28,0.13579,1.5
close/g9/B|gone/g6/A,cross,0.0,0,3,0.01643,0.33231,0.09561,-1.24,0.2446,-1.24
close/g9/B|gone/g6/A,cross,0.0,1,3,0.02251,0.66419,0.10067,-1.02,0.19865,0.66
close/g9/B|gone/g6/A,cross,0.0,2,3,0.02092,0.59419,0.14893,-1.04,0.24277,-0.68
close/g9/B|gone/g6/B,cross,0.0,0,3,0.01356,0.55506,0.12066,0.52,0.26921,0.54
close/g9/B|gone/g6/B,cross,0.0,1,3,0.03237,0.23431,0.06655,0.52,0.16824,1.14
close/g9/B|gone/g6/B,cross,0.0,2,3,0.03238,0.23431,0.05347,-0.04,0.1465,0.0
close/g9/B|gone/g7/A,cross,0.0,0,3,0.04416,0.39644,0.06329,-1.32,0.31928,0.4
close/g9/B|gone/g7/A,cross,0.0,1,3,0.02994,0.39581,0.02462,-1.32,0.27525,0.4
close/g9/B|gone/g7/A,cross,0.0,2,3,0.02878,0.39644,0.12136,-1.36,0.26108,0.42
close/g9/B|gone/g7/B,cross,0.0,0,3,0.01443,-1.36338,0.09797,1.02,0.19233,-1.24
close/g9/B|gone/g7/B,cross,0.0,1,3,0.01422,-1.43881,0.05079,0.92,0.17391,-0.94
close/g9/B|gone/g7/B,cross,0.0,2,3,0.01446,-1.00856,-0.00478,0.22,0.15885,-0.94
gone/g6/A|gone/g7/A,cross,0.0,0,3,0.01389,0.944,0.08203,-1.5,0.17499,-1.02
gone/g6/A|gone/g7/A,cross,0.0,1,3,0.01158,0.66581,0.06341,-1.46,0.17993,-1.46
gone/g6/A|gone/g7/A,cross,0.0,2,3,0.0133,0.07269,0.1863,-1.46,0.17489,-1.46
gone/g6/A|gone/g7/B,cross,0.0,0,3,0.01216,0.557,0.08194,-1.42,0.14784,1.26
gone/g6/A|gone/g7/B,cross,0.0,1,3,0.01248,0.25719,0.01166,-1.42,0.16884,0.04
gone/g6/A|gone/g7/B,cross,0.0,2,3,0.01231,-0.38631,-0.03983,0.04,0.17533,0.04
gone/g6/B|gone/g7/A,cross,0.0,0,3,0.01672,-1.20231,0.14158,0.98,0.13315,0.96
gone/g6/B|gone/g7/A,cross,0.0,1,3,0.01507,0.33006,0.14286,1.06,0.13893,1.08
gone/g6/B|gone/g7/A,cross,0.0,2,3,0.01336,0.3325,0.17421,1.02,0.13931,1.08
gone/g6/B|gone/g7/B,cross,0.0,0,3,0.01195,0.96925,0.22549,1.08,0.19392,1.12
gone/g6/B|gone/g7/B,cross,0.0,1,3,0.01406,-0.207,0.25275,1.1,0.21764,1.12
gone/g6/B|gone/g7/B,cross,0.0,2,3,0.01441,-1.16744,0.219,1.1,0.16876,-1.22
